{"qp2FAeN20jHKmmNxPjO/xQ==":"bg_skew.png","kkJjWzrEcBQrFoKeKGmhlg==":"03.jpg","LBzCHU9B5Hr9Wr/coF2lEw==":"background2.jpg","rmP6bAux/9/tuu4wy/stug==":"15-667x817.png","TBDjv+ufGSiJFMPRRdE/Ew==":"background1.jpg","kgTIb3FRqU6TAHSoKxuHsQ==":"09.jpg","Ev7Tr5uFJQo9a9WHc7BHBA==":"13.jpg","lz1QBYGm+DXqOaudEYg9JQ==":"11.jpg","7kq0zf7b98R9FgoUVUT1yQ==":"10.jpg","jPFKU8aOGn+DUaEYfqQ4FA==":"17.jpg","anYlXwJeifBLcNRUdCwZnw==":"12.jpg","PZGxJ9bipbBNekdFQNsTfQ==":"background3.jpg","u6HBI03KgChY2FjA5mf4vQ==":"background4.jpg","3qCieP8qiXPqrEBTctXXPQ==":"06.jpg","TLHpyPIjNfN/By1rrJQY9g==":"01.jpg","oo2g+j6nGl3xwJuebMcmSQ==":"05.jpg","5azllsNI2Fd0RyrON1IDrQ==":"face1.jpg","/Uze7QQRhVn8Rc8pRHczfQ==":"face4.jpg","IaZE9Mp6uvDjGnLBbV7ZFg==":"face5.jpg","qMPNDyG1Xq0zKxYu7qTihg==":"face6.jpg","lugdSYHpL84i/kXgO/QjHw==":"face3.jpg","uq/hLMom3jDSWuQxCb2ubA==":"face2.jpg","LwkMtDXACcPuS2DFC/WYbw==":"04.jpg","SNkh7NxQGi2dPovKatX/dw==":"16-1080x1620.jpg","xi2xAAVQG89zYw/HsIHUlw==":"08.jpg","n9ayb8rAHMHwX64o4AA7zA==":"10-1460x973.jpg","g+jUhDeiDKxjpzfC6AtqGw==":"1.png","uhzDkZ0d/YHmF44OBecRnQ==":"3.png","ExE2/OV6LuT1zwRayZikRg==":"2.png","iZSUjIEPGbja2qzihaeBsg==":"4.png","HRfyqr5vt/dOJJoXFiTskg==":"5.png","vWxf6gMnghEZmtuN50e0gw==":"logo.png","2L314GOVmpA88A73MiGL7w==":"logo_new_cgr_big-800x534px-128x85.png","7o1jzJn1ZeumhvJ9qN//Tg==":"cgr%20desde%20el%20puente%20peatonal-2000x1124.jpg","6896nxzMb95ilEmHkGs+dA==":"image4.jpg","SdT2P1fU6tnoIMBkmMyOIQ==":"image2.jpg","UqoNN1QhqkU8omZaelEIUw==":"image19.jpg","y9kQxNbj76g4ozNa0jRJAg==":"background1.jpg","xGMr7GEPBnr/+cv5iEl9Bw==":"img-02-1000x885px-696x616.jpg","ka2frkhNCE1X04OydKUMvw==":"img-03-1000x885px-696x616.jpg","/kIhh/u4DoqAc8CMPSJ/Lg==":"img-04-1000x885px-696x616.jpg","IoGm2+s7pQgedPLKn2CKmQ==":"background1-1.jpg","MRLyscQ9SEa5g/GTTSYWbQ==":"face1-1.jpg","eDoohEFd4w0qGm5t5imEMA==":"face4-1.jpg","pCSkhsp+29XS621O1Eh3Mw==":"face5-1.jpg","RI/B8mYdQZhr8ej5tOigNQ==":"face2-1.jpg","2iyIaYXkxR0Id/NyaOMuHw==":"img-index-ucc-292x158.jpg","9s31Z4mIm86Ie7NmlGqQ+A==":"destacado-ucc-1000x1500px-292x438.jpg","/xvmaOyUV9ff+TMQjubF1Q==":"destacado-cgrtransp-1000x1500px-292x438.jpg","NlqKST0Cql2q/kESMGpDlw==":"destacado-djb-1000x1500px-292x438.jpg","ZGVHgmKL6VtEoIDZlDL0hg==":"features1.jpg","feIcj6NJNUzsTuKtaOKNpQ==":"features4.jpg","883aqtggjNq5pMBSuggG1Q==":"features2.jpg","D+CGb8cldvSumixX48Ch4g==":"background1-2.jpg","CnSTU6SrWNPuTcQ78P5i/Q==":"features3.jpg","dPhJhZe+NFg4UCtWxS1spA==":"logo_new_cgr_big-1000x667px-96x64.png","7434PL1BpNTQ2E7bCgsTTQ==":"logo_new_cgr_blanco-683%C3%97244-128x46.png","EHmU7CIDRMXl1Mqw6K3V1w==":"background1-3.jpg","YP0hYuH7redUZXJuBcr26Q==":"background1-4.jpg","tW2kWGBvOLNRghYA4TReCw==":"img-index-aprob-presup-360x195.jpg","aAe41vkAugr7ZolT0/1weg==":"img-index-djb-cgr-360x195.jpg","ASfDViFe8uL3EL/FNJgnbQ==":"img-index-denuncia-cgr-360x195.jpg","8l2o0jBrV2YFhupf5e2pIA==":"img-index-pres-docs-cgr-360x195.jpg","l6vd23eJCMOUNwYyKdZEgw==":"background3.jpg","7xYVb9N8kVc1qAuG4xFZrg==":"img-index-ucc-360x195.jpg","GOZt0uiN5D6/tpRB4QM3JQ==":"img-index-transparencia-cgr-360x195.jpg","vgAkbTBJvPoH0J6SR/D3jw==":"img-index-empleo-cgr-360x195.jpg","xhXP6ZKFeguGz7zktoEbsQ==":"img-index-empleo-cgr-360x195.jpeg","/BTEB/uT38yVCxMdlYJeVA==":"img-index-soporte-sist-360x195.jpg","dBCWo0soPF76c7tFe3jtXg==":"img-index-informes-cgr-360x195.jpg","s6gEc4ASQEOVCEE769A/og==":"img-index-normativa-cgr-360x195.jpg","FhnS+XDMo2JjpNjk3hT+mA==":"img-index-publicaciones-cgr-360x195.jpg","lhjsDQ7RhpJ8VrCVri8/Ng==":"img-index-rendicion-cuentas-hacienda-publica-360x195.jpg","z/ThzMU1OUvCjl5I/wwh/A==":"img-index-estado-tramite-360x195.jpg","HHfc4ogkpHmhB+Gz7LcOJQ==":"img-index-umbrales-ca-360x195.jpg","iWAjtGk2sIeWUd0NhMS0Qw==":"img-index-inst-fisc-360x195.jpg","gOBahvRk5LYiN+P858xeZQ==":"img-index-crit-pron-cgr-360x195.jpg","ClUoCo6BplVnHf6tFPSvNg==":"img-banner-vt-14-12-2022-875x350.jpg","gP3ofOOujhWyZ1599IRzFA==":"img-banner-vt-14-12-2022-875x350.jpeg","i66OufHdugvS0XdW5/ZbBQ==":"logo-podcast-vt-3000px-972x972.png","jEntxRjdCAKOMbSIeI7/Pw==":"06.jpg","DYwMv2/tXtGx9BVK74vMNA==":"09-1.jpg","Pe65GVB9zlzrVhuq7G6/YA==":"10.jpg","NVjDalgfcee3s0mnO40t2g==":"13-1.jpg","NTdZnBsw8GxBLOAJLqEi6A==":"11.jpg","ihZEvrzDeqkAf2Hlx+eakQ==":"17-1.jpg","29FG54CDIrdNXItlOCKjTA==":"12-1.jpg","2g0du5QTU5J8tRRz43Xtzw==":"03-1.jpg","WSZC4ctgphtq0toP4rbkqw==":"image2-1.jpg","SHX4qxPGsr/JgwRznRfIjg==":"image4-1.jpg","qzR31NihhUYBnvn23L2vhA==":"image13.jpg","9kjuAFUmFJXoc890cCltEw==":"background1-5.jpg","GV0zX9Lj6BVqTM9Fp+794g==":"img-banner-01-1000x650px-1000x650.jpg","ComR71U9CNEQ1luNOT8oPw==":"img-banner-02-1000x650px-1000x650.jpg","H7s4iTBbpPFoV9qW+HGkeA==":"img-banner-03-1000x650px-1000x650.jpg","4kkbXMwKQY2FM9ZCUXvM7Q==":"img-banner-04-1000x650px-1000x650.jpg","1lFFza5sRveJ8v3HD7vsNA==":"destacados-umbrales-cp-1000x667px-510x340.jpg","XHnQ0vKzHpusMYAYf5wYpQ==":"destacados-soporte-sist-1000x667px-510x340.jpg","9iPrXoeAsYxOL3Aexshv3A==":"destacados-sistemas-registro-cgr-1000x667px-510x340.jpg","p/Xn8igJeui9RH7rP/tBsQ==":"destacados-rendicion-cuentas-hacienda-publica-1000x667px-510x340.jpg","ELJwbgbak0JNDe5LwgOCmw==":"destacados-publicaciones-cgr-1000x667px-510x340.jpg","XjriAvBQqHLmg9lmw2Dt9w==":"destacados-pres-docs-cgr-1000x667px-510x340.jpg","Z1LEyz291t8MaCBt4Jt0uA==":"destacados-normativa-cgr-1000x667px-510x340.jpg","3ZrjWyDhAcz6nDqP+D/7EQ==":"destacados-inst-fisc-1000x667px-510x340.jpg","cGfwmBSkb9mYe860e8M7Fg==":"destacados-informes-cgr-1000x667px-510x340.jpg","FCgqN/7x8r7OqVx6Gpp+VA==":"destacados-estado-tram-1000x667px-510x340.jpg","oo1CAdhOxeG/q1OahhftBg==":"destacados-denuncia-1000x667px-510x340.jpg","1e2oqVGcyhb5dyjsmPWyqw==":"destacados-djb-1000x667px-510x340.jpg","uFL5z+1IBIHZLQPKKuMSLg==":"destacados-crit-pron-cgr-1000x667px-510x340.jpg","asV7J5TpNefUWS3f4hzRyA==":"destacados-cgr-transparente-1000x667px-510x340.jpg","cllbh3WnqNhtc5jclJHnQA==":"destacados-cc-1000x667px-510x340.jpg","fjzIFAE2UFWSITBGGKPjtQ==":"destacados-aprob-presup-1000x667px-510x340.jpg","dhdCnd1icR9XVviibKCnhw==":"img-seccion-pubilcaciones-cgr-1920x1280px-1920x1280.jpg","fcGJnPISt0ri5RmXJDBeRA==":"destacados-publicaciones-cgr-1000x667px-1-510x340.jpg","wxBGbPi5PLLZ+UYEQ8LnEA==":"img-seccion-icg-2024-360x195px-360x195.jpg","mYsWP5pKUIS9gs8sJjCqlg==":"sgp-icg-2024-200px200px-1-200x200.jpg","K+zC7lq/yiLeImF6GdJJSQ==":"img-seccion-icg-2024-400px400px-400x400.jpg","wiKgzcIc9bKH4EWSPC+xpg==":"img-seccion-monitoreocgr-2024-400px400px-400x400.jpg","IYcU4JO7n3isVQGxOZ0o9Q==":"img-seccion-boletin-pulso-julio-2024-400px400px-400x400.jpg","nGvoNS49W2He9ZwtapQhqA==":"img-seccion-cps-400px400px-400x400.jpg","OsaDgrmStQEmyHgaH7DkZg==":"img-seccion-covid-19-400px400px-400x400.jpg","pQxooU2dUhX3M+GkKT/JWA==":"img-seccion-enpsp-2023-400px400px-400x400.jpg","KoxvoZFbhnUb16g7J+/QMg==":"finanzas-p-2024-200px200px-200x200.jpg","reagJRhUYtbHLSE6+iJXkA==":"img-seccion-sgp-gfp-2023-400px400px-400x400.jpg","Zz8wgQQ4qpNFwUTPI7gVfA==":"background1-6.jpg","0LurGjAb7xZRXlugk064yA==":"background1-7.jpg","csZNaVXJ4YS4mPuLAv0jsw==":"background2.jpg","eR6JiqcCMEPn/oHu0eZxhQ==":"cgr-banner-generico-2-1080x608.jpg","cXN62aMealfBf04V8iH41Q==":"podcast-vt-2022-320x320.jpg","418FzZqq44L2w5/gHuXATw==":"banner-apple-vt-3000x750px-1-972x243.png","XwkmvnpQu+Rh6HbMJaCrVQ==":"logo-podcast-vt-3000px-972x972.jpg","bof7OmRgUER6JEtOjjbsnA==":"guia-llenar-djb-1930x2497.jpg","wPRCEc74B9voXk0CDu6uvg==":"guia-llenar-djb-1107x1432.jpg","jpgo6eoNczV6pf2cxppOvg==":"guia-llenar-djb-890x1151.jpg","Woax91OJDNuXa6n0OtIydQ==":"background1-8.jpg","GGikMac1kzzN3cy+OW38Mg==":"img-prevista-autogeneracion-claves-890x424.png","pnLc1YlicLoMjDhvfgdNbg==":"vt-anuncio1000x667px-1000x667.jpg","4p06Ax7gL+NRktzmssLpyQ==":"vt-anuncio1000x667px-1-1000x667.jpg","aNnVKAeAkc4KOEjLI0pzkQ==":"vt-anuncio1000x667px-972x648.jpg","RPmTQVSWJmx6Qp3b6CtzZw==":"background1-9.jpg","hXU48j9+qf3Wd7micfaA5w==":"background1-10.jpg","T6vMtI/lRtqjAijTfSE/uA==":"vt-anuncio1000x667px-1-972x648.jpg","qVKBjl1ro+JeKJKLrytNlg==":"vt-anuncio1000x667px-1-972x648.jpeg","F8I0PhjcPOZMGHj/K5piGQ==":"vt-anuncio1000x667px-2-972x648.jpeg","Qj0Kux6FrYF/3AFnBJgkRw==":"background1-11.jpg","AjHBJJSlMCPBdaADGV5BtA==":"img-calendario-1000x650.jpg","FGrltlXlvcef+nsY5kiDIQ==":"background1-12.jpg","hkaTQwiQp7MnXkyi76QcJQ==":"background1-13.jpg","k2J4ExJsxW7/ubDDONwXOQ==":"background2-1.jpg","u09shNLZbTPFs3UIwcoimQ==":"background3-1.jpg","XjGlnWKcsJNZyy5aBbsazw==":"vt-anuncio1000x667px-3-972x648.jpeg","zkBmfa/CJRUsNegGxrGiGw==":"destacados-sistemas-registro-cgr-1000x667px-1-510x340.jpg","5G5GH6bB/tEZa80z+D6qwg==":"sist-reg-cgr-1280x1920px-1280x1920.jpg","piYPIt5VKUT1Dz2+tlYsTQ==":"033-1200x800.jpg","KkVxABfxp/vY56jXALWmHw==":"033-1-1200x800.jpg","et7EqaAN0NZDK75Uln7joQ==":"apple-podcasts-299x56px-299x56.jpg","+jOuH2Z4LMv7vXJYsVniAA==":"spotify-podcast-150x56px-118x44.jpg","WymjYj/SOdGl/vUEIcVAMw==":"youtube-podcast-303x56px-303x56.jpg","3xBrdbokuQCpHY7Y//8z3w==":"sp-podcasts-299x56px-236x44.jpg","0BxAUaejPtnddAKacpZgrQ==":"apple-podcasts-299x56px-280x52.jpg","OWynyUh32vTkcEqayGdepA==":"spotify-podcast-150x56px-150x56.jpg","KlvGOovtzznttKNL4AGxZA==":"sp-podcasts-299x56px-279x52.jpg","xOIo3aF5sYF5mnEuWR8GRg==":"youtube-podcast-303x56px-280x52.jpg","jhBFEz7AuZ1NCu0kIoo6sw==":"apple-rs-podcast-940x940px-280x280.png","iwlC0GnfYAptpjxGswuU6g==":"spotify-rs-podcast-940x940px-279x279.png","13U3JkiL19mq9zP6XL6aNg==":"youtube-rs-podcast-940x940px-280x280.png","nLlJwMQXwaNiSDC90VCclQ==":"sist-reg-cgr-1280x1920px-1-1280x1920.jpg","vSjaFZq4Pfb0vLutsGSsww==":"img-seccion-sistemas-reg-cgr-1920x1280px-1920x1280.jpg","jWkLYLgehLqrqdc640tq9w==":"img-seccion-podcast-cgr-vt-1920x1280px-1920x1280.jpg","11a/Lc9DBXVRXnkQAzdHsA==":"img-seccion-djb-cgr-1920x1280px-1920x1280.jpg","xiWNTACcn4BBLSmTTFQibg==":"img-seccion-djb-cgr-1920x1280px-1-1920x1280.jpg","zNYf56zlQLi8EGw1M2zk4w==":"img-seccion-noticias-cgr-1920x1280px-1920x1280.jpg","hO7gFIARG7rWlvgfmsz//g==":"img-seccion-buscador-cgr-1920x1280px-1920x1280.jpg","9GwQg7+xT1mTqxBQfS9o0w==":"destacados-normativa-cgr-1000x667px-1-510x340.jpg","7ZNbcaZHoA351zMsoqooXg==":"background1-14.jpg","GG+9taNhJd4wg8D+Ph/jfQ==":"img-seccion-normativa-cgr-1920x1280px-1920x1280.jpg","uFXH24cU0K+0yvUVHaB5MQ==":"background1-15.jpg","YnRSnEk0KHU+nmLnM5Im/Q==":"4-1.png","QkE7vgi4E3gen2wE2Gfwfw==":"5-1.png","mHWWoA5mYl/a0t/bNCYqQQ==":"1-1.png","ruDw4hOX9cZI1B2M7miY4Q==":"img-seccion-contacto-cgr-1920x1280px-1920x1280.jpg","bSEHFZt2gW/SXTeVs0rEiA==":"img-seccion-mapa-sitio-cgr-1920x1280px-1920x1280.jpg","BlngDWrZhnUq+Nz5b0hNrQ==":"img-seccion-calendario-cgr-1920x1280px-1920x1280.jpg","1OxFK84UQusdqStkxEbvcA==":"img-seccion-avisos-cgr-1920x1280px-1920x1280.jpg","AtxuMWVwSUuCra770i7CEQ==":"background1-16.jpg","0G0YsElDobRG27hoVWSxoQ==":"img-seccion-encuesta-satisfaccion-cgr-1920x1280px-1920x1280.jpg","CTbTZeONvsbAkI4r94OwpA==":"encuesta-sitioweb-cgr-750x383.png","n40Lh3LrFSSpD5U09qA/8A==":"img-seccion-guia-tel-cgr-1920x1280px-1920x1280.jpg","kGwb9+TtPfS2iqaQAdVYeg==":"encuesta-img-959x530.png","DtOn/wh5LxM1JViLsWl1vQ==":"img-modulo-guia-tel-1200x800px-1200x800.jpg","XcKxzGRIVIb88V1ZJNAQmw==":"pf-2000x1500.jpg","Wki0OGzAQKschzgc3bSDSg==":"background1-17.jpg","wJa38vPXL1jNujnG6dXE7Q==":"buscador-pers-957x78.png","W0/sN1xeskvAwsrLt/b79A==":"img-prevista-autogeneracion-claves-1-890x424.png","hFww75vAw5SYHjpRylhQJA==":"sist-reg-cgr-1280x1920px-700x1050.jpg","PnjETYx4YD0Wgc2iEqIKDA==":"img-seccion-noticias-ant-cgr-1920x1280px-1920x1280.jpg","SYpY36Zwi8VhHC5gy4N+dA==":"img-seccion-comunicados-prensa-cgr-1920x1280px-1920x1280.jpg","zR/lHYKzfZsASiihGYTRrQ==":"img-banner-01-1000x650px-1-1000x650.jpg","Ghy9tzoEs0qoiTYk+gpuyQ==":"img-banner-02-1000x650px-1-1000x650.jpg","b2dbDFppBADSN/NRaC1NJA==":"img-banner-03-1000x650px-1-1000x650.jpg","GdXBWhCmsofusZGDTkN4xw==":"img-banner-01-1000x650px-2-1000x650.jpg","YdJYNChZyAx7s6G6hcv3nw==":"background1-18.jpg","+asU/LieO2YhxWTziPi7/A==":"img-seccion-da-pp-cgr-1920x1280px-1920x1280.jpg","mGQCokfskMB3nePxziFgpA==":"background1-19.jpg","D3+jBWNDcluEcdKxoafnWg==":"bg1.jpg","Xi+l6aqZ5X12aC6bHp+WEA==":"badge-certificate-133x118.png","NsZS7Y8K6zTxCY/3gdcHTA==":"5stars-300x115.png","pchts43iWpOsPnrzB0nO7Q==":"open-data-kit-img-150x32.jpg","lZMJxs4Xcjp3W0rlVnK67g==":"od_80x15_blue%202-170x15.png","7nLynNbtoMbj8/Rd5Na6Qg==":"od_80x15-316x48.png","SqFexYMlYmp7tLCtGNUQew==":"youtube-rs-podcast-940x940px-1-280x280.png","co7+eojlPFoLTVRYonVAwQ==":"spotify-rs-podcast-940x940px-1-279x279.png","s/1LrtnUroF8ZbigGITs9w==":"apple-rs-podcast-940x940px-1-280x280.png","8O4yS+u591NnJIIIS3Mkwg==":"cgr-banner-generico-427x240.jpg","IGvLLZS8Sgfn8Iew04MGPA==":"img-banner-1-875x350.jpg","iA18FAAO4d4XqoJD0svyjA==":"img-banner-2-875x350.jpg","OX7XRBnDFsQTrAHoqbdzNw==":"img-banner-01-1000x650px-3-1000x650.jpg","dpNrtRbMezllH1GCokRg4A==":"img-banner-02-1000x650px-2-1000x650.jpg","QiQtsDHQL5NKmMgCtLuTcw==":"vt-anuncio800x800px-4-800x800.jpg","+UMnZGPFskuqeT877bG1MA==":"img-banner-04-1000x650px-1-1000x650.jpg","ALuMBtdhG8p2n8E/ABaAuw==":"img-banner-01-1000x650px-4-1000x650.jpg","Qku2Ogu4td9SlsdjyQyD2g==":"img-banner-02-1000x650px-3-1000x650.jpg","/BQMENlE1UkmgrVxR/0Xcg==":"img-banner-03-1000x650px-2-1000x650.jpg","G92h5kh1m0PxQ/8qBUEq0Q==":"img-banner-01-1000x650px-5-1000x650.jpg","td+TuAm6gzMVJIYDfOd7PQ==":"background1-20.jpg","sOyTZzqf7TDsuE8ip6x/Tg==":"icm-24-10-2024-837x737.png","wFQlYe3RTpvrdYjkYKLD9A==":"guia-llenar-djb-1-890x1151.jpg","TNSnjF+Sb9h6teSkCH0YYA==":"bg-skew-1.png","ynOjn9SP/3u3+yM0lv0b9A==":"background1-21.jpg","eOx3sMVBsOQKcbT5HdsxeA==":"background1-22.jpg","z8dvPc3ZSNgGblxenrDM+A==":"04-1.jpg","Otf0YmK/7uvx0d9Kk/v7Fw==":"02.jpg","LfJCFuaRG21XfQQ4qlzCew==":"05-1.jpg","VB6fMeI0gdEbmxp+HtJ/vw==":"01-1.jpg","HkyAzjKIzVXw2B0DoUwjZA==":"background2-2.jpg","S9CjzSWnFHCPpiqq0h3SdA==":"bg-1.jpg","XpbSBbzotch+J+1PO+TVPw==":"img-modulo-curriculum-1200x800px-1200x800.jpg","GsUOo63asRNLGQD43SJN7w==":"img-modulo-registrese-1200x800px-1200x800.jpg","7s9obTEB8EynWdPm1xmgJA==":"openrefine_logo.svg","Z6B+4zxPxlOTmajIRWcMhA==":"download.svg","+WddKcPAO5HTCWaARnRIfw==":"creative-commons-logo-320x180.png","iJ2DJAJcfm0HLBZvojU/Fw==":"creative-commons-logo-320x93.png","3qv/EMRbz2CaFqbDhskFPA==":"img-banner-01-1000x650px-6-1000x650.jpg","JenQuY/vdG/MbRlDuS3Lqg==":"img-banner-01-1000x650px-7-1000x650.jpg","ibmHLb3Xx3kWGmLDeuFHJA==":"infra-ccss-11-11-2024-1085x521.png","jNdjj6PP/neaQNlMUswpLg==":"img-banner-01-1000x650px-8-1000x650.jpg","PZPTAZfTBecRnTPoLvAPGA==":"img-banner-01-1000x650px-9-1000x650.jpg","C5Icq+c6nYszVBNKapQZ0w==":"img-banner-01-1000x650px-10-1000x650.jpg","pKKKoRTt7F3jIXgE1sdPqg==":"img-banner-01-1000x650px-11-1000x650.jpg","w/gwiS/c36FCEdzJdJGg6w==":"cgr-inf-img-1143x627.png","190AqgbKf/mhUie0UhZk1Q==":"pulso-inf-img-1197x766.png","1ro72unjptRVTsVlFypCNg==":"linkedin-img-1254x483.png","dNt6ce09U45+x4yd4zQiWQ==":"x-img-958x664.png","NRIlWtkNt6cNRy3t2wSJpQ==":"youtube-img-1351x476.png","s6P5GmIOSGcg15kd4XVGUw==":"gb-img-1146x537.png","QUsMBpVmuGGoc32WmKQUzw==":"instagram-img-1003x589.png","J34Xraaa7V+NVaSVAQpEuA==":"img-exp-elec-1150x382.png","JTW+4D3mqkiKFokLcGGfTg==":"background1-23.jpg","5vx2MBQr4oJZtX9ZF7tKiA==":"features2.svg","1u3+xyjY+bmE+W7zCWnxRQ==":"background1-24.jpg","DOJDQRxHrSMSUtUqY91W7A==":"primeros_contralores-323x215.jpg","2xPkWtcEqeOP81fO5r6Qtg==":"primera_sede_cgr-839x315.jpg","tnLKu1DjIRGQokomTbGKxQ==":"primeros_contralores-1-323x215.jpg","h0ugNoyZvNlaAh176NKeQA==":"estructura-organizacional-963x776.png","mvwNMZUqgwMf+c3YVh3Vmg==":"estructura-organizacional-963x776.jpg","ZsPa712+JvA/SNBIh2aohg==":"img-seccion-noticias-cgr-1920x1280px-1-1920x1280.jpg","rKEsO8wm06mEVJHFKFlyZQ==":"img-seccion-noticias-cgr-1920x1280px-580x387.jpg","j23mdeb1jjiuPX69n+EATw==":"img-seccion-noticias-cgr-1920x1280px-580x387.jpeg","sNznp1upt+6UCmx8+QvZDA==":"01-marta-acosta-1-238x227.jpg","2Zjgt1ZnTaPFtz2nKurGuw==":"marta-acosta-curriculum-831x901px-540x585.jpg","jP+hYxyGMLl7BLRmnX5EWg==":"bernal-aragon-curriculum-831x901px-540x585.jpg","43UpHL+r1I09YLnBN/bqMQ==":"jorge-saurez-curriculum-831x901px-540x585.jpg","FdbdMIJHZKKIcI7y8t9YhQ==":"marta-acosta-curriculum-831x901px-400x434.jpg","mgxsHNjmVbiYkmt44o1zVA==":"bernal-aragon-curriculum-831x901px-400x434.jpg","rOe16yKZ2t/4f/394GOAJw==":"face4-2.jpg","4/MI/80vRuqa7wTEa80lHQ==":"face3.jpg","fSUVqviAYYjdLgMcxs6dyg==":"background1-25.jpg","TUkydSeZYrbYEdqryJ1T3A==":"luis-diego-curriculum-831x901px-400x434.jpg","V0ZgFF7cCgLocZGAuNQJtA==":"roberto-rodriguez-curriculum-831x901px-400x434.jpg","7jpBjwVrO7rwBUJRvounVg==":"amelia-jimenez-curriculum-831x901px-400x434.jpg","bJ/69rnuUnF298pN/ariZw==":"manuel-mart-curriculum-831x901px-400x434.jpg","VQCaZUgpq1mo/XMiP9fBOA==":"maritza-sanabria-curriculum-831x901px-400x434.jpg","6z121XQmUTlHzztK4VRIbg==":"maritza-sanabria-curriculum-831x901px-540x585.jpg","jv5K088d5jekl5V8/B7Urw==":"mariela-azofeifa-curriculum-831x901px-540x585.jpg","NPycev5nU5s6Hv0doqEQoA==":"amelia-jimenez-curriculum-831x901px-540x585.jpg","NNc6D2Jc/yPOqPUEo1Qi1g==":"jessica-viquez-curriculum-831x901px-540x585.jpg","rnoP1iCCvXkRur6Di0RX5w==":"humberto-perera-curriculum-831x901px-540x585.jpg","4yYrSsUKcn+0nWCSP7EBBQ==":"falon-arias-curriculum-831x901px-540x585.jpg","dChMyQ/ANSGzmyzxKY8mbg==":"marcela-aragon-curriculum-831x901px-540x585.jpg","ogZzhMuRyheQt+WFYt+AuQ==":"julissa-saenz-curriculum-831x901px-540x585.jpg","9RevbwKSvYXivC0BVV+LBg==":"carolina-retana-curriculum-831x901px-540x585.jpg","SewRr3LOBvuexPM7DSmjiw==":"vivian-garbanzo-curriculum-831x901px-540x585.jpg","SUniYJ+6FVzEg17nBg1CFw==":"lia-barrantes-curriculum-831x901px-540x585.jpg","mt/klpClUizFS8EWp4awLA==":"rafael-picado-curriculum-831x901px-540x585.jpg","ZqkNxbB3ao/SV7xwPuPQcg==":"carlos-morales-curriculum-831x901px-540x585.jpg","RRO39fqSjq0Fovkqm6aBbQ==":"luis-diego-curriculum-831x901px-540x585.jpg","rcUgINRJQ0PhpmoFznvaKg==":"grettel-cisn-curriculum-831x901px-540x585.jpg","wHe8RISroKZ2YEFMilbkdQ==":"ivan-quesada-curriculum-831x901px-540x585.jpg","H/NGg5ZGTWCT/vZc/2iuTQ==":"jainse-marin-curriculum-831x901px-540x585.jpg","z7RZ162zec+YjQTx/J0BJw==":"rosa-fallas-curriculum-831x901px-540x585.jpg","+um68GqJt2R3VGh/hfxQtg==":"hanzel-arias-curriculum-831x901px-540x585.jpg","e2Ub5Ra1G4vzQuhSR2pCyg==":"roberto-rodriguez-curriculum-831x901px-540x585.jpg","IW4hXyKQwnEhRdXpjKGjNA==":"fernando-madrigal-curriculum-831x901px-540x585.jpg","WfERUKFahrkOGUicLMRM9Q==":"elard-ortega-curriculum-831x901px-540x585.jpg","DTfa3j5Jemk5GiNUDQAghg==":"alfredo-aguilar-curriculum-831x901px-540x585.jpg","Bpn/h5nRW2BJ1ugzEdNXYw==":"manuel-mart-curriculum-831x901px-540x585.jpg","NSVVWFI83iYrsdAlhir9hA==":"lorena-san-curriculum-831x901px-540x585.jpg","sYZJ9fnGvjaZOs3dbNKa7Q==":"walter-guido-curriculum-831x901px-540x585.jpg","Ja9CYIam+Mcjgtf3M+rAhg==":"logo-juntos-somos-mas-320x141.png","karI++ew/ayWBMw9i+WuEw==":"logo-cada-uno-cuenta-320x43.png","daFK0qvjZcwh4vh+d8lfGg==":"logo-contralores-juveniles-320x170.png","wJaPULGLP1CRjLB/ZCvUhw==":"logo-arbol-probidad-320x247.png","/ERi+vBfzK5IR/lGhyXzDA==":"img-juntos-somos-mas-750x240.jpg","Y43iGcZVrEwv8T+B7Y7evQ==":"img-encuestas-nac-750x240.jpg","KOMZ9YrXomfgAHvn3LCV/g==":"img-resultados-relev-750x240.jpg","gi5SfM/7xouYDYWMergdjQ==":"img-modulo-pf-1200x800px-1-1200x800.jpg","yjz1P5OehOEAkbZAQaVuXg==":"prevista-sicop-991x932.png","Q78+w47VP3gAyycYfDrmoQ==":"red_inter-200x92.png","9qhi+IjlDShcNpXIiL1Z2Q==":"img-seccion-noticias-cgr-1920x1280px-1169x779.jpg","gVqX40oJtIh8LrBxowFbnA==":"background1-26.jpg","wSsazBc83xPRM6r3ZDr9Xg==":"prevista-conozca-enque-gasta-1282x597.png","kOx4yDUctvTWfG5cLE9nDA==":"prevista-consulta-sipp-1261x583.png","AFjgndsCSzogz96gogH4wQ==":"prevista-consulta-siac-1320x720.png","J8Cnyerh/T4Xd79OQ8B62Q==":"prevista-consulta-res-cartel-1654x736.png","7qSYLVriA/PmOaWXi2/Asg==":"prevista-consulta-aut-cp-1820x733.png","qzFAB7wCfSH8SA14BkVnlg==":"prevista-consulta-refrendos-1820x755.png","laDSeKe0/TKLMLYEtjZesw==":"prevista-consulta-pp-datos-1735x933.png","bEBlvB75yP2fR/06s+cDbQ==":"prevista-consulta-aprob-pp-1820x784.png","sNpfun8e//YpY+4w5pgKrg==":"prevista-consulta-presup-iniciales-1042x527.png","g7ZxxsPfoVJHGRPL99tWIw==":"prevista-survye-monkey-resultados-n-1171x1076.png","R5PCcF0Kgw+J/RI8av8peg==":"prevista-informes-aypp-1820x889.png","Rd7OpdO8Vy0V7q8/qD/0iQ==":"estructura-organizacional-1554x890.jpg","9uQAaBAX4Kbuhy9mGPHyMQ==":"prevista-seguimiento-mp-1557x728.png","RAMYVVuW6rogN4t7F0rWyA==":"formula-kilometraje-2023-890x113.png","WUwSrs9noTWGz5sQ4Z/glA==":"prevista-obj-cartel-1820x864.png","cYMJoQwo83GtbwNj5fZbbg==":"jeanine-herrera-curriculum-831x901px-370x401.jpg","D1nhD/yrMG/cTvwLwc1vCA==":"luis-alex-curriculum-831x901px-540x585.jpg","kzK7JkT74zOx/P1u8udt4A==":"marco-alvarado-curriculum-831x901px-540x585.jpg","dwqPjbRY1+TWi5GaNkZusA==":"ronald-monge-curriculum-831x901px-540x585.jpg","dsg8sB6T6D2CPrfxgBojew==":"img-seccion-destacados-ucc-1000x667px-510x340.jpg","ozLtUyMriv0q4WQDK2zEZg==":"img-seccion-destacados-cgr-transparente-1000x667px-510x340.jpg","M1/E2VR/YCAJhehGOKvfzg==":"img-seccion-destacados-criterios-pron-1000x667px-510x340.jpg","MbPj1vsFxbS7MTQyxKf5CA==":"img-seccion-destacados-djb-1000x667px-510x340.jpg","AEJD/LoOt7FLtQyMiJKw0Q==":"img-seccion-destacados-denuncia-dig-1000x667px-510x340.jpg","RSSZGdrjUTWrCEQ5xsAllA==":"img-seccion-destacados-estado-tram-1000x667px-510x340.jpg","5T4vptWzEmIWK91PTKMIxg==":"img-seccion-destacados-img-informes-fisc-1000x667px-510x340.jpg","7fBh9jQ0fn5kof6AEAOYjQ==":"img-seccion-destacados-instituciones-fisc-1000x667px-510x340.jpg","wkmCMdCprKQ3PiJCyc+Vqg==":"img-seccion-destacados-normativa-1000x667px-510x340.jpg","rdIbVIOViXGFb1TL1As3+w==":"img-seccion-destacados-pres-docs-1000x667px-510x340.jpg","9Up0hyLdSthG4bx8kHu0rA==":"img-seccion-destacados-publicaciones-cgr-1000x667px-510x340.jpg","8Xe7FTj3Ct2FkvJlgSXNNw==":"img-seccion-destacados-rendicion-cuentas-1000x667px-510x340.jpg","8KmT2190zhCVjvoJzG2e1A==":"img-seccion-destacados-sist-reg-cgr-1000x667px-510x340.jpg","7vsioe0bxOmKlZMge7EGcQ==":"img-seccion-destacados-soporte-sist-1000x667px-510x340.jpg","q/gHeA/Vk2c5DpEbSn+tsA==":"img-seccion-destacados-umbrales-ca-1000x667px-510x340.jpg","POcRLO1u8M6t1irtoXcqbg==":"img-menu-servicios-contactenos-400px400px-400x400.jpg","nv6fASdK0mgNYyPWL/I9Bw==":"img-seccion-recomdaciones-suscribase-1200x800px-1200x800.jpg","qdV5MeDWH/yN2JNRzFZSpA==":"img-menu-servicios-calendario-400px400px-400x400.jpg","Y0omqX6hGpuDtS4OzA52wQ==":"img-seccion-servicios-calendario-1920x1280px-1221x814.jpg","aRZkpEIUTLtLpd/9MxSm7w==":"img-seccion-servicios-contactenos-1920x1280px-1920x1280.jpg","7z5CiIcTe1f6Y0fDqsQknA==":"img-seccion-recomdaciones-guia-tel-1200x800px-1200x800.jpg","RXgFc90Rn+67fdFQUYd72Q==":"img-seccion-recomdaciones-pf-1200x800px-1200x800.jpg","dpmfNjlAkdzS3naC/n7ZLQ==":"img-seccion-recomdaciones-noticias-anteriores-1200x800px-1200x800.jpg","8fEe108byUJvzx3f4X+Z5Q==":"img-seccion-recomdaciones-comunicados-prensa-1200x800px-1200x800.jpg","u9IR9CKTqL3Otd5P2ZpG5w==":"img-seccion-noticias-recientes-1920x1280px-1920x1280.jpg","3Zjgg0JcoBJD4yaNWLu1kw==":"img-seccion-recomdaciones-trabaje-concgr-1200x800px-1200x800.jpg","q9minnJR43R6CZ1oO9uvGg==":"img-seccion-documentos-pub-cgr-1920x1280px-1920x1280.jpg","D/5z2hHotNie0mC8JaMi8A==":"img-seccion-documentos-normativa-1920x1280px-1920x1280.jpg","fvbkqMi0Zo8dYt6wx8okOw==":"img-seccion-cgr-transp-1920x1280px-1920x1280.jpg","WmEuTXCJkzjL+HXpH6/4PQ==":"img-menu-bol-inf-400px400px-400x400.jpg","uhXgz0/+IC622LJF5TOwBA==":"img-menu-catalogo-tram-400px400px-400x400.jpg","bTTJ+PyKWIkKSQYsbLlb2A==":"img-menu-cgr-transp-acerca-400px400px-400x400.jpg","WItSaI/OuEbUxCL8o0Tkzw==":"img-menu-cgr-transp-da-400px400px-400x400.jpg","OWelH6cY1WCAi7uJByVFTA==":"img-menu-cgr-transp-ep-400px400px-400x400.jpg","28Mp7JyEV2Esiq1/f6iBQQ==":"img-menu-cgr-transp-info-personal-400px400px-400x400.jpg","3tA90osJ6/RadP17V24/Mg==":"img-menu-cgr-transp-info-financ-400px400px-400x400.jpg","+bBPxNU9IiXZIR5gsyEL3A==":"img-menu-cgr-transp-informes-inst-400px400px-400x400.jpg","OUADOSbzW/8UbgSedbPKPw==":"img-menu-cgr-transp-part-ciud-400px400px-400x400.jpg","m8Q4mee0/yOEyOsoQ1jUuA==":"img-menu-cgr-transp-planes-pol-400px400px-400x400.jpg","tpJPWr4qraB7AI08Yjnebw==":"img-menu-cgr-transp-planes-pol-400px400px-1-400x400.jpg","KdMMOlIgck/naSZjL0v5bw==":"img-menu-cgr-transp-proc-ca-400px400px-400x400.jpg","WFxGCN+jJDLs7lUx5CJKIQ==":"img-menu-cgr-transp-red-inter-400px400px-400x400.jpg","Ic8V0vGYg8O3nnIXRMVnHw==":"img-menu-cgr-transp-rel-ext-400px400px-400x400.jpg","o56XzHaQFo0/hdHYHudGOQ==":"img-menu-cgr-transp-rev-ext-400px400px-400x400.jpg","Ne9zdtm7JWLlZK/esOEKBg==":"img-seccion-bol-inf-1920x1280px-1920x1280.jpg","Yp5WsLxdlzmN+vgQUCqinw==":"img-seccion-catalogo-tram-1920x1280px-1920x1280.jpg","b4cqHPGXge8mI3PXIBEBnA==":"img-seccion-cgr-transp-acerca-1920x1280px-1920x1280.jpg","smTAhaLPAFczFOPS10kHqA==":"img-menu-cgr-transp-antecedentes-400px400px-400x400.jpg","GbtzwbrfhSqxZiQSeUVvPA==":"img-menu-contacto-400px400px-400x400.jpg","Qe64eS86VKkv6cYMbMfL/Q==":"img-menu-cgr-transp-estructura-400px400px-400x400.jpg","2nhaTM8+wETPFzTyhCPWfA==":"img-seccion-cgr-transp-antecedentes-1920x1280px-1920x1280.jpg","2rDDlv3hlGA+AUCVTVgRLg==":"img-seccion-cgr-transp-estructura-1920x1280px-1920x1280.jpg","CSBQSYAD23+YQ86GPUlAuQ==":"img-seccion-cgr-transp-da-1920x1280px-1920x1280.jpg","g5ZE2BQeNXs1nGMvminW9g==":"img-menu-cgr-transp-da-cp-400px400px-400x400.jpg","v5tqZykUPHtsGsWYFm1tGw==":"img-menu-cgr-transp-da-pp-400px400px-400x400.jpg","96zyqc1SL6FWHwq+TgC9tw==":"img-menu-cgr-transp-da-djb-400px400px-400x400.jpg","OiKJk9ZswzPmCJbDVPzcBQ==":"img-menu-cgr-transp-da-eval-personal-400px400px-400x400.jpg","53sFOhy32MWObDa0jSl43g==":"img-menu-cgr-transp-da-salario-400px400px-400x400.jpg","U71xXfbFeRdDD5FfvXmYpQ==":"img-menu-cgr-transp-da-viajes-400px400px-400x400.jpg","2pN3Nbc62+nRLfoHzB3IcA==":"img-seccion-cgr-transp-da-cp-1920x1280px-1920x1280.jpg","rfM5JawvYYDIHP+0q/ktrg==":"img-seccion-cgr-transp-da-pp-1920x1280px-1920x1280.jpg","ALXccZcBJg4H6b0rHG3Oww==":"img-seccion-cgr-transp-da-djb-1920x1280px-1920x1280.jpg","ckSE+H/5bI4/f6Xl5Kw59A==":"img-seccion-cgr-transp-da-eval-personal-1920x1280px-1920x1280.jpg","62i8qebsVMufRiaIrkDkJg==":"img-seccion-cgr-transp-da-salario-1920x1280px-1920x1280.jpg","X95MWipzcWcNOkbHGDUAhg==":"img-seccion-cgr-transp-da-viajes-1920x1280px-1920x1280.jpg","XzJhJkU4YU8IXQUviD96Pg==":"img-seccion-cgr-transp-ep-1920x1280px-1920x1280.jpg","OP3riT7LM+wCFOCJGcXykg==":"img-menu-cgr-transp-ep-cs-400px400px-400x400.jpg","4R7buOGz9OUCDWB76G5ZeA==":"img-menu-cgr-transp-ep-hc-400px400px-400x400.jpg","CaLTCNlJPnyAvTj62vvF3A==":"img-menu-cgr-transp-ep-pr-400px400px-400x400.jpg","QDKAFxSI5ISpSkh1jvVFUA==":"img-menu-cgr-transp-ep-pv-400px400px-400x400.jpg","V7aOzsjwAZiF+YgKKpbT6w==":"img-menu-cgr-transp-ep-re-400px400px-400x400.jpg","ez8Cl1890+5NRB4UjW2R6Q==":"img-seccion-cgr-transp-ep-cs-1920x1280px-1920x1280.jpg","3gpMA4hlfODfKBZjAz1F9g==":"img-seccion-cgr-transp-ep-hc-1920x1280px-1920x1280.jpg","mNpgCoO/6ndewUO3/KE0RQ==":"img-seccion-cgr-transp-ep-pr-1920x1280px-1920x1280.jpg","Y0JI9AJkU7bpVvX4bW4dOw==":"img-seccion-cgr-transp-ep-pv-1920x1280px-1920x1280.jpg","6/Bb53Tw6xFWr/u5PGxMtw==":"img-seccion-cgr-transp-ep-re-1920x1280px-1920x1280.jpg","hnI+Mkq6DejFm3Ir6Kgzhg==":"img-seccion-consultas-estado-tram-1920x1280px-1920x1280.jpg","Nhvgc+GCTEFmbGkizELqBA==":"img-seccion-cgr-transp-info-personal-1920x1280px-1920x1280.jpg","CIkiAekENuf4Ut+rSnFMzg==":"img-seccion-cgr-transp-info-financ-1920x1280px-1920x1280.jpg","9QnWrp/uWmRYiOVWKqc5KQ==":"img-seccion-cgr-transp-informes-inst-1920x1280px-1920x1280.jpg","pIydruSN9Fkrd9qDnPtL/g==":"img-seccion-cgr-transp-instituciones-fisc-1920x1280px-1920x1280.jpg","8N2d7CMPZ1t5QnDXnTje1A==":"img-seccion-cgr-transp-part-ciud-1920x1280px-1920x1280.jpg","zAjM3RNoXiQExN/zsAG6bQ==":"img-seccion-cgr-transp-planes-pol-1920x1280px-1920x1280.jpg","jDLW1CYLOZxwgP/XSku+lA==":"img-seccion-cgr-transp-proc-ca-1920x1280px-1920x1280.jpg","ui3xtbUk8IEPjnYGg7QkuA==":"img-seccion-cgr-transp-red-inter-1920x1280px-1920x1280.jpg","IxrDGYigHgghN++E7hNuxQ==":"img-seccion-cgr-transp-rel-ext-1920x1280px-1920x1280.jpg","R5H3QliWfKwr6Nct8nXfpQ==":"img-menu-cgr-transp-rel-ext-ac-400px400px-400x400.jpg","HXuNVSdkvS12fAd80icW0g==":"img-menu-cgr-transp-rel-ext-oi-400px400px-400x400.jpg","GewGFCC5UZ+5XwtaeKmsjg==":"img-seccion-cgr-transp-rel-ext-ac-1920x1280px-1920x1280.jpg","tRJRkbzESv1/jRe1Uj/baQ==":"img-seccion-cgr-transp-rel-ext-oi-1920x1280px-1920x1280.jpg","jddlmgISJutymFfUnZPFKA==":"img-seccion-cgr-transp-rev-ext-1920x1280px-1920x1280.jpg","lnkmNPrrZhgmjYz7zygSVw==":"img-menu-cgr-transp-rel-ext-chile-400px400px-400x400.jpg","cInE+3R6EZSrx+cYXtB6bQ==":"img-menu-cgr-transp-rel-ext-mexico-400px400px-400x400.jpg","drE18zNsdQ8nLEt/ZW6ovg==":"img-menu-cgr-transp-rel-ext-marco-medicion-2019-400px400px-400x400.jpg","shnmekiQMdJcItIbvD0djg==":"img-menu-cgr-transp-rel-ext-marco-medicion-2014-400px400px.jpg-400x400.jpg","H1w3UZJwGDz4tNX2ZPZ7Ow==":"img-seccion-consultas-conozca-en-que-1920x1280px-1920x1280.jpg","TckSVLzRVeoxBtHce+3gYw==":"img-seccion-consultas-cp-1920x1280px-1920x1280.jpg","zJNEmI42bWrb8FwSzwVk2A==":"img-seccion-documentos-buscador-1920x1280px-1920x1280.jpg","bbRlMC0qWX46DtXf8kefxQ==":"img-seccion-consultas-pp-1920x1280px-1920x1280.jpg","10CfNyw8RALtuM21aaozXA==":"img-seccion-consultas-exp-ca-1920x1280px-1920x1280.jpg","SvwGLoljuWwOeK6F8hcHaQ==":"img-seccion-consultas-umbrales-ca-1920x1280px-1920x1280.jpg","T+vA+sLkL1CCbpYNcaHxEQ==":"img-seccion-consultas-zkv-1920x1280px-1920x1280.jpg","Q15+ZEDIaZSoJ/oGIUTa7A==":"img-seccion-consultas-seguimiento-1920x1280px-1920x1280.jpg","8pxurSdx1XC4h+GRQ6C5sw==":"img-seccion-documentos-pub-cgr-podcast-vt-1920x1280px-1920x1280.jpg","vLLTPKrEKEyHA4P1XSSvLQ==":"img-seccion-tramites-sist-reg-cgr-1920x1280px-1920x1280.jpg","Ap+BZ7tGgQh/ru4T4GzNKw==":"img-gavetas-sist-reg-cgr-700x1050.jpg","I5ks4wcNWNTjwJiyYMBXSA==":"img-seccion-servicios-avisos-1920x1280px-1920x1280.jpg","ktzmJwUK8GZqxuOpoOyePg==":"img-seccion-servicios-guia-tel-1920x1280px-1920x1280.jpg","dzWXLpG0sl75PshcD6S79w==":"img-seccion-cgrvarios-mapa-sitio-1920x1280px-1920x1280.jpg","oSry6e228+wcCpTQKXIr5w==":"img-seccion-servicios-encuesta-1920x1280px-1920x1280.jpg","Il8cpp6RmjFOTX/XeT/jDQ==":"img-seccion-servicios-calendario-1920x1280px-1920x1280.jpg","faFG6+DvTRXS2+/G8HgXsA==":"img-seccion-cgrvarios-copyright-1920x1280px-1920x1280.jpg","EKQvLD8PNrOWP7XJPPDxDw==":"img-seccion-cgrvarios-pol-priv-1920x1280px-1920x1280.jpg","RHrz9lzhNBDCyWTurpUD6w==":"img-seccion-cgrvarios-terminos-1920x1280px-1920x1280.jpg","tgJBv/mMTUHg0RSGA1aBJQ==":"img-seccion-cgrvarios-declaracion-accesibilidad-1920x1280px-1920x1280.jpg","UXPUroAt+N1ylZ3nollk4A==":"img-menu-documentos-pub-cgr-icg-400px400px-400x400.jpg","JPq017MqwCrcvVxmS94JcA==":"img-menu-documentos-pub-cgr-monitoreo-cgr-400px400px-400x400.jpg","q1MKOxFW2ZigXywQ499oPA==":"img-menu-documentos-pub-cgr-boletin-pulso-400px400px-400x400.jpg","+4hunlI1R/NgHZHxkTLoGw==":"img-menu-documentos-pub-cgr-compras-ps-400px400px-400x400.jpg","zNrFjd/9WNq3vlcxAKLd9A==":"img-menu-documentos-pub-cgr-covid-19-400px400px-400x400.jpg","61C8er+M+0PP+EJO1FkawA==":"img-menu-documentos-pub-cgr-encuestas-400px400px-400x400.jpg","zSUQwjqEzfeJ6PkeVv3JtA==":"img-menu-documentos-pub-cgr-finanzas-publicas-400px400px-400x400.jpg","/50DOeFjmrgrRvwJegZZbQ==":"img-menu-documentos-pub-cgr-gestion-fide-400px400px-400x400.jpg","7QoeDDMu6pxdUozaBA8Yxw==":"img-menu-documentos-pub-cgr-icgrh-400px400px-400x400.jpg","DEJSm6yTMp9kXUqYg/81mw==":"img-menu-documentos-pub-cgr-icm-400px400px-400x400.jpg","Lg/09B9OU9mCcJv1To7yXQ==":"img-menu-documentos-pub-cgr-igsm-400px400px-400x400.jpg","DL1deMuKe7hnz6g+LmW83Q==":"img-menu-documentos-pub-cgr-igi-400px400px-400x400.jpg","djT68laOg8qvW3IKMbyakQ==":"img-menu-documentos-pub-cgr-informe-tecnico-400px400px-400x400.jpg","lvFVecU4kCvb3P1PFX86Fg==":"img-menu-documentos-pub-cgr-icgf-400px400px-400x400.jpg","SyPhFHR5SDrJiFOeOuJGaQ==":"img-menu-documentos-pub-cgr-itd-400px400px-400x400.jpg","CVAjOKJWIp3jhrceA4COog==":"img-menu-documentos-pub-cgr-memoria-anual-400px400px-400x400.jpg","kTEcUghk4PvA0Kg8ACqovQ==":"img-menu-documentos-pub-cgr-oficio-preven-400px400px-400x400.jpg","lzdWRvUWl4F686nCndAPwQ==":"img-menu-documentos-pub-cgr-opiniones-sugestiones-400px400px-400x400.jpg","kyYwoYYi/uuAtpMiJ27JlA==":"img-menu-documentos-pub-cgr-pp-400px400px-400x400.jpg","bgh2fFNJSDLX/3+rFFL9yw==":"img-menu-documentos-pub-cgr-rendicion-cuentas-400px400px-400x400.jpg","rdtMJcGFJpYd2aR/TsIA4Q==":"img-menu-documentos-pub-cgr-revista-derecho-400px400px-400x400.jpg","Cv0ffy15dyiK9UceHDoa+w==":"img-menu-documentos-pub-cgr-situacion-fiscal-400px400px-400x400.jpg","Qw/ucogXChhkf/TlK+6LIw==":"img-menu-documentos-pub-cgr-seg-gp-400px400px-400x400.jpg","t3CYvtb3thN2Zse16istRw==":"img-menu-documentos-pub-cgr-podcast-vt-400px400px-400x400.jpg","S0Isu+lm8sN7JGNkW1fLYg==":"img-menu-documentos-pub-cgr-400px400px-400x400.jpg","YdXYa+du4eUQgfLpjejAWg==":"img-seccion-documentos-ai-1920x1280px-1920x1280.jpg","92SlyJbmCMGpNriD+ltKzA==":"img-menu-documentos-ai-evaluacion-400px400px-400x400.jpg","1tAaIQNwKQ9Vk8gAgqHT6A==":"img-menu-documentos-ai-guias-400px400px-400x400.jpg","OjpCaKnWVKb9W1uKOYg7/g==":"img-menu-documentos-ai-marpai-400px400px-400x400.jpg","9hZIN/Fgiavnm/ypGbIUrQ==":"img-seccion-documentos-ai-evaluacion-1920x1280px-1920x1280.jpg","zQ+DQUmQnzoGfRLBhBFTIg==":"img-seccion-documentos-ai-guias-1920x1280px-1920x1280.jpg","sk2lUfza6QrXIDyXQl5cwQ==":"img-seccion-documentos-ai-marpai-1920x1280px-1920x1280.jpg","1rMtk5ryECnaMzG65Cx2VA==":"marpai-procesos-sust-526x207.jpg","ea5rHMmmDSqXjJ+pvWAaAQ==":"marpai-piramide-589x397.png","npEcrsHSoj+aGA2yQLXo6w==":"img-seccion-documentos-certificaciones-1920x1280px-1920x1280.jpg","fHbaqX3+CTkTPnRTfiHFzw==":"cgr-inf-img-1297x711.png","h/Z2b5f2JwvRBoAWEQYdMA==":"linkedin-img-1-1254x483.png","zWM7TelLHyHySrql+pX4eA==":"x-img-1-958x664.png","gkXM+3Q9vbzksvIQGZUxKg==":"youtube-img-1-1351x476.png","3RSXI7WbpTWa2OjHKUcxnw==":"gb-img-1-1146x537.png","1jaIpWenwtDzDVTYOuMFRw==":"instagram-img-1003x316.png","KcevpA4O+SvnpxJxUFpZJw==":"img-seccion-documentos-pub-cgr-encuestas-1920x1280px-1920x1280.jpg","0hR3tf4LDcTypOz5Bw0WDw==":"img-seccion-documentos-pub-cgr-igsm-1920x1280px-1920x1280.jpg","MhifLTWoDwBlrKiWL05yvQ==":"img-menu-documentos-pub-cgr-igsm-2023-400px400px-400x400.jpg","94v3t+IuHslpkIx8vKy3ag==":"img-menu-documentos-pub-cgr-igsm-2021-400px400px-400x400.jpg","XEDCdkr/2587fpUwjstyNw==":"img-seccion-documentos-pub-cgr-boletin-pulso-1920x1280px-1920x1280.jpg","qXGP4RPkoPRKXOklDarzZg==":"img-seccion-documentos-pub-cgr-boletin-pulso-1920x1280px-1300x867.jpg","PtGgxA6PAcwG6OeYJSsfSA==":"prevista-ejemplar-docs-1300x1089.jpg","axm4CKoqOf0eTlZDkdJCaQ==":"prevista-ejemplar-docs-1284x1355.jpg","NuZfbCNBvJqx6V8MBSkqmA==":"img-seccion-documentos-pub-cgr-icm-1920x1280px-1920x1280.jpg","7S9N5e0wpt1MJFh2u5zI0w==":"img-seccion-documentos-pub-cgr-igi-1920x1280px-1920x1280.jpg","2xvQBbXloH3VRL60Yy+QCQ==":"img-seccion-documentos-pub-cgr-informe-tecnico-1920x1280px-1920x1280.jpg","ibh+lIjclGRwr5z84amXZg==":"img-seccion-documentos-pub-cgr-icm-1920x1280px-1-1920x1280.jpg","Z/i67s+k7NiZqGSz9f2zmQ==":"img-menu-documentos-pub-cgr-icm-400px400px-1-400x400.jpg","wCeQaaSoDh/Dqt9plKoatQ==":"img-seccion-documentos-pub-cgr-memoria-anual-1920x1280px-1920x1280.jpg","HsHIcc8AY9/s269lThWjGg==":"img-seccion-documentos-pub-cgr-oficio-preven-1920x1280px-1920x1280.jpg","BIM52Rzb66gUxi0j0vA6RQ==":"img-seccion-documentos-pub-cgr-opiniones-sugestiones-1920x1280px-1920x1280.jpg","yIYwtfc5ObYE+Cc+M1ypFA==":"img-seccion-documentos-pub-cgr-pp-1920x1280px-1920x1280.jpg","H5PVj/DZL5AglsOmQpWMUA==":"img-seccion-documentos-pub-cgr-revista-derecho-1920x1280px-1920x1280.jpg","TUQQztMk5khf0gOHtQiVFw==":"img-menu-documentos-pub-cgr-revista-derecho-400px400px-1-400x400.jpg","40DvHxAMK3/k+JBtcYjqjw==":"img-seccion-documentos-pub-cgr-situacion-fiscal-1920x1280px-1920x1280.jpg","MokOuYkH8KF1odz2WCv1LA==":"img-seccion-documentos-pub-cgr-seg-gp-1920x1280px-1920x1280.jpg","8RMKiJ2zz1zOfdUlhFV0fA==":"img-seccion-documentos-pub-cgr-seg-gp-1920x1280px-1-1920x1280.jpg","Sqdgn/w1r7xP+FfDSpbzbw==":"img-seccion-documentos-pub-cgr-revista-derecho-1920x1280px-1-1920x1280.jpg","/f76G44OXwGNLDDOkfekRA==":"img-menu-servicios-ucc-lgca-400px400px-400x400.jpg","aV7nbr8HZGQBFe3WTkoK4g==":"img-menu-documentos-pub-cgr-vt-nuevas-aut-munic-400px400px-400x400.jpg","64MYtnaUzciPe/LWV/RLjw==":"img-seccion-documentos-pub-cgr-revista-derecho-1920x1280px-2-1920x1280.jpg","DtenU/B/xUKhYPFZovOdkg==":"alejandro-herrera-curriculum-831x901px-540x585.jpg","FnEmnpLGAYh9oNcU1JTlow==":"img-seccion-recomdaciones-estructura-org-1200x800px-1200x800.jpg","fSGE4m/s2PF8KHIenUFM+Q==":"img-documentos-pub-cgr-temporadas-vt3-1200x800px-1200x800.jpg","qlJnLTg5iSFs+tKObTB7rw==":"img-documentos-pub-cgr-temporadas-vt1-1200x800px-1200x800.jpg","4NodzMXR/etFtdy/r7ulMw==":"img-documentos-pub-cgr-temporadas-vt2-1200x800px-1200x800.jpg","mHXp2mE/QgALokDKtRkoww==":"img-menu-documentos-mas-cgr-8-reglas-400px400px-400x400.jpg","o6AZcjvtUQoBSMtVf1ol+Q==":"img-menu-documentos-mas-cgr-acciones-evasion-mh-400px400px-400x400.jpg","LcI7BZI+6CVVf4fUzu3/EQ==":"img-menu-documentos-mas-cgr-guia-criterios-muni-400px400px-400x400.jpg","/5rvA8Z1qcmPME+0QYmGrg==":"img-menu-documentos-mas-cgr-sistema-tributario-400px400px-400x400.jpg","ivcy9IWyH2Tm50kzdS4tmw==":"img-menu-documentos-mas-cgr-ninis-400px400px-400x400.jpg","NUiqj6/na37kcLDxiSBAxw==":"img-menu-documentos-mas-cgr-ley-cc-ac-400px400px-400x400.jpg","8dS5jn4SdF62S+EIcdBSHQ==":"img-menu-documentos-mas-cgr-seg-acciones-sinac-400px400px-400x400.jpg","I8sacPphzeiWnU7pAmrMcA==":"img-menu-documentos-mas-cgr-gestion-presup-gl-400px400px-400x400.jpg","GO26HdnhQFPAZZ+XTNem5w==":"img-menu-documentos-mas-cgr-seg-inf-400px400px-400x400.jpg","zZKhAGMT9fgfQBI8HBf8cQ==":"img-seccion-documentos-mas-cgr-igm-1920x1280px-1920x1280.jpg","vjwU5dq/mBmqi/OlE7lJuQ==":"img-seccion-documentos-mas-cgr-ingresos-corrientes-1920x1280px-1920x1280.jpg","ALywt/vT7rxf8CUWHhflcw==":"img-menu-documentos-mas-cgr-sit-des-inf-400px400px-1-400x400.jpg","aKfa1sa5fr+KBuYV7TsVsg==":"img-menu-documentos-mas-cgr-ingresos-corrientes-400px400px-400x400.jpg","t9OnpMp77wIoIdlOg65rxQ==":"img-menu-documentos-mas-cgr-igm-400px400px-400x400.jpg","HsQ2NcGpnOL/eo2CFOKwew==":"img-seccion-documentos-mas-cgr-sit-des-1920x1280px-1920x1280.jpg","IuRIRVRqh84UvdkS9yyRhQ==":"img-seccion-servicios-app-cgrcr-1920x1280px-1920x1280.jpg","tAGys6ChdN8AChhlggpQXg==":"img-mockup-app-prevista-1200x1200px-1200x1200.jpg","Z1vS2387Bzoypi3AXAshCQ==":"img-error-404-1820x1452.jpg","eL6M3GYD26lTlC0o2P2Blw==":"img-error-500-2000x1519.jpg","NtAW+AoqBwULjyT8q9k/Yw==":"img-error-500-2500x1334px-2220x1185.jpg","i/fkAQpVKNz85MA003hfpQ==":"img-error-404-2500x1334px-2220x1185.jpg","fRH4LbQZlf+erwl7r37MWg==":"img-seccion-servicios-ucc-1920x1280px-1920x1280.jpg","oDG+bdL0VbbMy/JxtT7OAA==":"img-menu-servicios-ucc-acerca-400px400px-400x400.jpg","0US3jfAnSG77mIaB2LH+rQ==":"img-menu-servicios-ucc-act-aprend-400px400px-400x400.jpg","a7uvMbTA6Yi+Ir3SNurBCg==":"img-menu-servicios-ucc-campus-400px400px-400x400.jpg","z0D6rLhfPtHLLsOfiAJw2g==":"img-menu-servicios-ucc-conferencias-400px400px-400x400.jpg","ymUszH4QsM1QorHaPqhurg==":"img-menu-servicios-ucc-congresos-2024-400px400px-400x400.jpg","46TOXPd6UYHztzER9EhE+w==":"img-menu-servicios-contactenos-400px400px-400x400.jpg","ug6iBc67oX2eKRwee+8byA==":"img-menu-servicios-ucc-pres-irregulares-400px400px-400x400.jpg","7D7k4KRY9O6I1/qGQIh2yQ==":"img-menu-servicios-ucc-nuevas-aut-400px400px-400x400.jpg","OocRI9C9PAGLxLraiO6xbg==":"img-menu-cgrvarios-pf-400px400px-400x400.jpg","cbjPXIzQ3auSNGP0yyXaYw==":"img-menu-servicios-ucc-presup-cc-400px400px-400x400.jpg","oMPNBOLTEBglK8X1v0pJcw==":"img-seccion-servicios-ucc-acerca-1920x1280px-1920x1280.jpg","euTFx4lsuYksYJLnuV3jPA==":"img-seccion-servicios-ucc-act-aprend-1920x1280px-1920x1280.jpg","cc/6UEmuBcKcX90iP9Qp1w==":"img-prevista-ucc-sica-1272x519.png","dOa8T9NzPzLpM1Cv/geHjw==":"img-error-404-2500x1334px-1-2220x1185.jpg","jxmJwem6Fgq4wiMzQl8DyQ==":"img-error-500-2500x1334px-1-2220x1185.jpg","UMisEETz8DvvmzLAx7H5oA==":"img-error-404-2500x1334px-2-2220x1185.jpg","HMT4mz8r7WSc+V6M3Hi2Zw==":"img-seccion-servicios-ucc-conferencias-1920x1280px-1920x1280.jpg","A93Gbn661aKs9Q1cN0e0HA==":"img-seccion-servicios-ucc-congresos-2024-1920x1280px-1920x1280.jpg","JiZhp1sY+seLf6tkqQKDxQ==":"img-seccion-contacto-1920x1280px-1920x1280.jpg","i2QXsrBg4IuQEmFNhSeERg==":"img-seccion-servicios-ucc-nuevas-aut-1920x1280px-1920x1280.jpg","k0I8f/0Yoh9LD1+tvQtwzQ==":"img-menu-servicios-ucc-nuevas-aut-2024-400px400px-400x400.jpg","VAVLBUIcfpeNFAo3JOxQhA==":"img-menu-servicios-ucc-nuevas-aut-2022-400px400px-400x400.jpg","qdo9S4NpO3ck6u7tK7fREA==":"img-seccion-servicios-ucc-nuevas-aut-2024-1920x1280px-1920x1280.jpg","hl7SZweIwwDjY394c1F9wQ==":"img-menu-documentos-normativa-400px400px-400x400.jpg","srj2FFKH3terhyMrML6e7g==":"img-menu-tramites-ap-400px400px-400x400.jpg","PFgncoggzw1nf03M4gt4yg==":"img-menu-tramites-ejecucion-pres-400px400px-400x400.jpg","nED0qO7CQL4FkFb12sQdtg==":"img-menu-consultas-pp-400px400px-400x400.jpg","xkfVbABn0hG1YBnHx6OvKw==":"img-menu-servicios-ucc-nuevas-aut-2024-cahrlasm-400px400px-400x400.jpg","UQyfcjTswftNTGjEV/Gy9Q==":"img-menu-servicios-ucc-nuevas-aut-2024-folleton-400px400px-400x400.jpg","Yb8kqqrgPWueB5Q9AoBabA==":"img-menu-tramites-pres-docs-400px400px-400x400.jpg","wodGVBhXER3V957+BpHlpg==":"img-menu-servicios-ucc-nuevas-aut-2024-infografias-400px400px-400x400.jpg","NseQiEIheF7gUtO8RvQ0/A==":"img-seccion-servicios-ucc-nuevas-aut-2022-1920x1280px-1920x1280.jpg","b5Dyyp14zRenrp+O0A2A5A==":"img-menu-servicios-ucc-nuevas-aut-2022-asamblea-400px400px-400x400.jpg","XpU5ZbVEiStszZd/q50WAw==":"img-menu-servicios-ucc-nuevas-aut-2022-jerarcas-400px400px-400x400.jpg","eKyNXrdSHQvnZw8tyJQqvQ==":"img-menu-servicios-ucc-nuevas-aut-2022-presidencia-400px400px-400x400.jpg","3/srSpjT0VwP0iaOA2l3hA==":"img-seccion-servicios-ucc-nuevas-aut-2022-asamblea-1920x1280px-1920x1280.jpg","VuftmGVCnwOEvmizshw6qQ==":"img-menu-servicios-ucc-nuevas-aut-2022-01-400px400px-400x400.jpg","F+pA3U68Ujk02E+Y+iglzw==":"img-menu-servicios-ucc-nuevas-aut-2022-02-400px400px-400x400.jpg","2mv9ftUfPaiSBrdbDKmqmQ==":"img-menu-servicios-ucc-nuevas-aut-2022-03-400px400px-400x400.jpg","LoVtiDzHj5+Oo+kGykqdNQ==":"img-menu-servicios-ucc-nuevas-aut-2022-04-400px400px-400x400.jpg","EsBOdAFly/9QD1LJyBFX4A==":"img-menu-servicios-ucc-nuevas-aut-2022-05-400px400px-400x400.jpg","jA6ag+A8LDngttK5wskPBw==":"img-menu-servicios-ucc-nuevas-aut-2022-06-400px400px-400x400.jpg","YGwCADg4wa82IfIq6sJgYQ==":"img-seccion-servicios-ucc-nuevas-aut-2022-jerarcas-1920x1280px-1920x1280.jpg","HLT3PvH17Lghpwso42tpiQ==":"img-seccion-servicios-ucc-nuevas-aut-2022-presidencia-1920x1280px-1920x1280.jpg","ZlQiAUwQeh5B/XwpkuJ7jQ==":"img-menu-servicios-ucc-nuevas-aut-2022-07-400px400px-400x400.jpg","ShiXaV518a6f3TXjaSXiEw==":"img-menu-servicios-ucc-nuevas-aut-2022-08-400px400px-400x400.jpg","NTaKPQOLvuq7TVzPAc3Nqg==":"img-menu-servicios-ucc-nuevas-aut-2022-09-400px400px-400x400.jpg","zktgq/Vh07jObt5mnpUvxQ==":"logotipo-cgr-2025-500x356px-240x171.jpg","FrQd/CY+VCi5xszdFeIqsw==":"logotipo-cgr-2025-blanco-500x356px-356x253.png","si/OzQ0jhH+DxZjz1fS5OA==":"img-mockup-app-prevista-1200x1200px-1-1200x1200.jpg","VuhjJFUEROu2HOp6j2+hSA==":"img-seccion-recomdaciones-suscribase-1200x800px-1-1200x800.jpg","Sx2DWbln79Tb/QfEq/gwVQ==":"img-seccion-servicios-ucc-presup-cc-1920x1280px-1920x1280.jpg","c5oLOVCk1fkIwk9TWRHj/w==":"img-seccion-servicios-cc-1920x1280px-1920x1280.jpg","+4YA0ha4qdfYRlMvTywXng==":"img-seccion-servicios-cc-1920x1280px-1-1920x1280.jpg","vhnYdMGubP23t17aL8DjmA==":"img-menu-servicios-cc-catalogo-enlinea-400px400px-400x400.jpg","IubqKysD65XH2g6H3mFk9g==":"img-seccion-servicios-empleocgr-1920x1280px-1920x1280.jpg","7elTRdHGR1VpAyUEtoSPQg==":"prevista-suscribirse-rss-1284x1355.jpg","asEX8yYNWElanXYLK99Wqw==":"img-seccion-servicios-listas-suscrip-1920x1280px-1920x1280.jpg","Hi9WC5LdgPabBLxZL+z/bQ==":"img-seccion-servicios-rss-1920x1280px-1920x1280.jpg","cx+iyO7g/TzZNcFDLx+WfQ==":"img-seccion-servicios-sitios-interes-1920x1280px-1920x1280.jpg","em8hkPSchcgxwJ65zb28vQ==":"img-seccion-servicios-soporte-sist-1920x1280px-1920x1280.jpg","sCDT8VW5SbkHEfFpaaIW3Q==":"img-menu-servicios-soporte-sist-sipp-400px400px-400x400.jpg","BWOHpkRhd6rCSQkCfPue4g==":"img-menu-servicios-soporte-sist-siac-400px400px-400x400.jpg","n7srKkFMoANScccB5hJpcQ==":"img-menu-servicios-soporte-sist-pai-400px400px-400x400.jpg","gt8CYWBe2m0cV6dWMS+fqg==":"img-seccion-servicios-soporte-sist-sipp-1920x1280px-1920x1280.jpg","9KTp/TtCkKnXDCAGpSYk/Q==":"img-menu-servicios-soporte-sist-sipp-ingresar-400px400px-400x400.jpg","YUhBwOTI0E9vXUiBTZ4Hfg==":"img-menu-servicios-soporte-sist-sipp-modulo-hacienda-400px400px-400x400.jpg","TW6kJpPQ3r8cVoV2ntL/vw==":"img-menu-servicios-soporte-sist-sipp-roles-usuario-400px400px-400x400.jpg","o89u1Av9FZvID3j7LiWWYg==":"img-menu-servicios-soporte-sist-sipp-manuales-ayudas-400px400px-400x400.jpg","Vuq0Vdivtn9Hmg9y1X0Ziw==":"img-seccion-servicios-soporte-sist-sipp-roles-usuario-1920x1280px-1920x1280.jpg","M6yk44E+34m2gr/WPQrkOw==":"img-seccion-servicios-soporte-sist-sipp-manuales-ayudas-1920x1280px-1920x1280.jpg","4U+TbUhEfM9a2TOETDTZ2A==":"background1-2.jpg","wa12n3hsGnkp9/zBYxwcOw==":"img-seccion-servicios-soporte-sist-siac-1920x1280px-1920x1280.jpg","e6WrcKV3jMQ7ziPNvBEdWA==":"img-menu-servicios-soporte-sist-siac-ingresar-400px400px-400x400.jpg","Z1lgTMA6p65F8vOEHAUlBA==":"img-seccion-servicios-soporte-sist-pai-1920x1280px-1920x1280.jpg","vOJp+3Hn8uvGRIsgyHyW3A==":"img-menu-servicios-soporte-sist-pai-ingresar-400px400px-400x400.jpg","Cjf2KH0lhLlwkO9hIqFXqQ==":"carlos-madrigal-curriculum-831x901px-540x585.jpg","R+gSRcv26RN2ipx+lBq+Kw==":"jorge-leon-curriculum-831x901px-540x585.jpg","NIXvf5xiIt4OBi29jx+n6g==":"luis-alex-curriculum-831x901px-1-540x585.jpg","khDPcwsinZfNanV3JEhBww==":"img-seccion-noticias-anteriores-1920x1280px-1920x1280.jpg","cDJ2klfczfxluOTrDqThAA==":"img-seccion-recomdaciones-noticias-recientes-1200x800px-1200x800.jpg","FiYBpNePgX8OG1I37Vid4A==":"img-seccion-tramites-ap-1920x1280px-1920x1280.jpg","yiF88mdQnUUMSXgdKBHiSA==":"img-menu-tramites-ap-gl-400px400px-400x400.jpg","yEKJp0Nt+XlgOfUHeeeRhg==":"img-menu-tramites-ap-sujetas-aprob-400px400px-400x400.jpg","42YN+ViVT7+2c0Ksq04pdQ==":"img-menu-tramites-ap-no-sujetas-400px400px-400x400.jpg","lxBJnp3x6Z2vlF/KGSJJ3A==":"img-menu-tramites-ap-no-estatales-400px400px-400x400.jpg","7VwYbNt26FAEy7NGpohvAw==":"img-menu-tramites-ap-sujetos-privados-400px400px-400x400.jpg","TrXieHtPg6Ann9+kSkKYfQ==":"img-menu-tramites-ap-hd-400px400px-400x400.jpg","qQsB2dWHc45dy/tJtUAo4g==":"img-seccion-tramites-ap-gl-1920x1280px-1920x1280.jpg","AwAGjTTpjnZkkHQr3qb8sA==":"img-seccion-tramites-ap-sujetas-aprob-1920x1280px-1920x1280.jpg","3ZYJpfxD87fT3wrVB5Pcvw==":"img-seccion-tramites-ap-no-sujetas-1920x1280px-1920x1280.jpg","JTf7MN97HdVFLtCjOXS/sw==":"img-seccion-tramites-ap-sujetos-privados-1920x1280px-1920x1280.jpg","r96gJFA+KWQZ4gO2+qeHZA==":"img-seccion-tramites-ap-hd-1920x1280px-1920x1280.jpg","nIxtomLJJ1atPemM3f9Yfg==":"img-seccion-tramites-cons-docs-1920x1280px-1920x1280.jpg","PIl53yQEuTyiKdSgxsz4Nw==":"img-seccion-tramites-djb-1920x1280px-1920x1280.jpg","UTBV7y+9FDWwmmB8XPdiKg==":"img-menu-tramites-djb-llenar-declaracion-400px400px-400x400.jpg","5vZwkn2MSkJEazf8dtfVCg==":"img-menu-tramites-djb-info-declarantes-400px400px-400x400.jpg","12WDO7/IT//crjUUufBJDg==":"img-menu-tramites-djb-rh-400px400px-400x400.jpg","O/O/EkR8GGRT4ibzRojmnQ==":"img-seccion-tramites-djb-info-declarantes-1920x1280px-1920x1280.jpg","NRwEXT2BjadSChOACfut8g==":"img-menu-tramites-djb-info-declarantes-como-llenar-400px400px-400x400.jpg","pXX5Q+f9ZaacQTldgK91Aw==":"img-menu-tramites-djb-info-declarantes-clave-400px400px-400x400.jpg","iZGInTcye/SjZ4z5PDmBCw==":"img-menu-tramites-djb-info-declarantes-acreditacion-400px400px-400x400.jpg","1kv7kG9aw01FYyRdrfKiTw==":"img-seccion-tramites-djb-info-declarantes-como-llenar-1920x1280px-1920x1280.jpg","zZOqhyt5mP5cbkieI6YIpQ==":"img-seccion-tramites-djb-info-declarantes-clave-1920x1280px-1920x1280.jpg","wm3p5OHmLbF8zgSJNUEmng==":"img-prevista-autogeneracion-claves-1311x625.png","B2+L8+0NRGx4ox3uN0C3uQ==":"proceso-djb-ingreso-mayo-2022-1280x960.jpg","6eGGquRXJUvajVnbcfE0AA==":"proceso-djb-ingreso-mayo-2023-1280x960.jpg","G4IRTwxjc8ndpvyBGOqozg==":"img-menu-tramites-djb-info-declarantes-normativa-400px400px-400x400.jpg","xO4CnQnMsauTpi5h3CTXPg==":"img-seccion-tramites-djb-info-declarantes-normativa-1920x1280px-1920x1280.jpg","oX8+/IINeQSw6spSYEqDlA==":"img-seccion-tramites-djb-info-declarantes-acreditacion-1920x1280px-1920x1280.jpg","Qc/x0s3sscBamb5AGa2lSg==":"img-seccion-tramites-djb-rh-1920x1280px-1920x1280.jpg","BH6IRTS9xKzmRf418oiDgw==":"img-menu-tramites-djb-rh-ingreso-400px400px-400x400.jpg","Zzf3z47AaPb/zNxgysabIg==":"img-menu-tramites-djb-rh-manuales-400px400px-400x400.jpg","DzteFAK2aaI8+DzAme1fXg==":"img-menu-tramites-djb-rh-roles-400px400px-400x400.jpg","MSIJWteqpLJx12XEkn9VMA==":"img-seccion-tramites-djb-rh-manuales-1920x1280px-1920x1280.jpg","1ZjO/sfyKJV5UyyMfohXWw==":"img-seccion-tramites-djb-rh-roles-1920x1280px-1920x1280.jpg","8yHvjSlsvV5CbipCutDC7A==":"img-seccion-tramites-denuncia-dig-1920x1280px-1920x1280.jpg","umX6vsmzuHn0nLFlSFlr9w==":"img-menu-tramites-denuncia-dig-400px400px-400x400.jpg","pfkJ1FAU9EiCVCoydk/6kA==":"img-menu-tramites-denuncia-dig-guia-400px400px-400x400.jpg","B26vQn7WzSficGOZ5FW1iA==":"img-seccion-tramites-denuncia-dig-guia-1920x1280px-1920x1280.jpg","tnPl2rA4jfGE4URUyfjudg==":"img-seccion-tramites-ejecucion-pres-1920x1280px-1920x1280.jpg","KEzXf5Hd1nTQIJuN7gOI/A==":"img-seccion-tramites-repositorios-1920x1280px-1920x1280.jpg","22200TfzfLW9m+7oDlupzA==":"prevista-formatos-no-reposit-2024-1820x495.png","rz4SUQ7R6y64GJyuV5jAIA==":"img-seccion-tramites-potestad-cons-1920x1280px-1920x1280.jpg","58iBcqoJCsC3sLWOnRUOrw==":"img-seccion-tramites-pres-docs-1920x1280px-1920x1280.jpg","9Z4UDQUPDw6DS4JCM2b+5g==":"img-prevista-pres-docs-cgr-750x273.jpg","gLkLvnNMWPs4Os/D+KPtlA==":"img-seccion-tramites-resgistro-contadores-1920x1280px-1920x1280.jpg","dJ57EBNBCPJW+to2OmYa+Q==":"img-registro-contadores-750x273.jpg","tHg/C/Y9NI5vuoaZgy3now==":"cgr-inf-img-1-1297x711.png","5AJnoKZJzbAGWNuiHTm82A==":"linkedin-img-2-1254x483.png","yRJJiytWvVzwTjiq96XrVg==":"x-img-2-958x664.png","kCUoEd7S0ukjMn4CLuQ9oA==":"youtube-img-2-1351x476.png","T7a5AoQCw9NxqTJjeCLTjw==":"instagram-img-1-1003x316.png","x18PjfcFBtwkTUCJkzTIuw==":"img-campus-virtual-1297x711.jpg","RlUQG5YMYeVKvS4L+w5BIw==":"cgr-inf-img-2-1297x711.png","Ks3bpq0bz1ufF6WRtrFdzw==":"linkedin-img-3-1254x483.png","98JtAdeiAgEfVHAJOx3DOA==":"x-img-3-958x664.png","DfDDDYZGlw5UDQYf+b+Sww==":"youtube-img-3-1351x476.png","cosO+B9l8Xi8Z3v6vbwLzg==":"instagram-img-2-1003x316.png","okhVDJoHVbk5dvc22j21Ww==":"jorge-saurez-curriculum-831x901px-1-540x585.jpg","kYL40uWWKmhC28h9cZ+5cg==":"img-mockup-app-prevista-1200x1200px-2-1200x1200.jpg","ZOPebPsPpH1XdFIC+3n3ng==":"img-mockup-app-prevista-1200x1200px-3-1200x1200.jpg","IUcwUBeA0r+zld3u/gjeOw==":"img-prevista-pres-docs-cgr-1-750x273.jpg","dEwq67ojM40ZD2s5FeEVrg==":"img-menu-servicios-listas-suscrip-400px400px-400x400.jpg","1Sd/34j/8FrLIiTRWFlVOQ==":"img-prevista-pres-docs-cgr-540x273.jpg","qNVuWlX0YWa9poUQMoIAlw==":"img-prevista-pres-docs-cgr-1222x618.jpg","xDw6XBIoDPAHOQLmTRl2Kg==":"img-prevista-pres-docs-cgr-1-1222x618.jpg","23xs4Hi0wfHPP9eOi/OjXg==":"img-seccion-servicios-ucc-nuevas-aut-2024-infografias-1920x1280px-1920x1280.jpg","ayLUR4daZB6ZA7g6Ul3JCQ==":"img-prevista-vi%CC%81deos-clas-funcional-1000px601px-1000x601.jpg","oRykAiO0rUD++7AmPeEwUg==":"background1-4.jpg","Vb7GgbMoe0curpGYBParsg==":"background3.jpg","p9Hlcmc73xGPy2CLx5PJ7Q==":"img-prevista-vi%CC%81deos-clas-funcional-muni-1000px601px-1000x601.jpg","mrQ8eOEEiviCuThMRRyxdQ==":"img-prevista-vi%CC%81deos-creacio%CC%81n-cgr-1000px601px-1000x601.jpg","MlhpUt/hqHQuK0Ek0DnMNQ==":"img-prevista-vi%CC%81deos-creacio%CC%81n-cgr-corto-1000px601px-1000x601.jpg","/4yFzXjd0O6Q0YbrOkY8RA==":"img-menu-documentos-pub-cgr-boletin-pulso-400px400px-1-400x400.jpg","5ckzqZa0Dpo5Fzgt5kngeQ==":"img-seccion-documentos-pub-cgr-boletin-pulso-1920x1280px-1-1920x1280.jpg","U4874zVGfLy7tEgYyE5chQ==":"img-banner-01-1000x650px-1000x650.jpg","vY6Hss1Dqpx1YtuMKD8lJQ==":"img-banner-01-1000x650px-1-1000x650.jpg","LMxs9RF6Ki3Y6V1UVqAVjA==":"img-banner-02-1000x650px-1000x650.jpg","BFY1imq8/28HhlECqFCvwQ==":"img-banner-03-1000x650px-1000x650.jpg","InfbLIPPtUKUZzi8BvXmgg==":"img-banner-04-1000x650px-1000x650.jpg","pVagboWg/U0c6X73mwUGaQ==":"proeri-11-02-2025-1252x296.jpg","y7UEB4ftlcaz+On0b0TNlw==":"img-banner-01-1000x650px-2-1000x650.jpg","tUY91TphPbyB9SvqtFmP7Q==":"img-banner-01-1000x650px-3-1000x650.jpg","Pd3F+wf6nZG8+QoI8EMaRA==":"img-prevista-vi%CC%81deos-beneficios-patrimoniales-1000px601px-1000x601.jpg","XnzqJ4XQ2X8LNIuJcYB4sA==":"img-banner-01-1000x650px-6-1000x650.jpg","WE437xGt6ynKOo9cdmZ0eg==":"img-banner-01-1000x650px-8-1000x650.jpg","ZzzKaE4bfPP7L7LIfGQccg==":"mep-19-03-2025-1-657x841.png","UlFPHs0YpU9CHqhn6v8vlA==":"mep-19-03-2025-2-628x822.png","t3wkhs/isYF1i6J+Ahma2A==":"features2.jpg","aFe8ZuDNBbzKgeL6lf/zsA==":"features1.jpg","pQdBhgnu6d7gG6yT5P0hUA==":"background1-5.jpg","kfLR1ZgPK3zmNkMQvrxmpw==":"marta-acosta-curriculum-831x901px-1-540x585.jpg","fhFLRX6WaVbSwY8bPlnalA==":"img-banner-01-1000x650px-12-1000x650.jpg","vhJ4Vnru/YgzkyGJw2US8w==":"img-banner-01-1000x650px-13-1000x650.jpg","zfH5l7PfJC/BjJKWMyYhlg==":"img-banner-02-1000x650px-1-1000x650.jpg","fn4o57FGN5lczvF1vnjpyA==":"img-banner-01-1000x650px-14-1000x650.jpg","ENhQoJid6bA70yLoKNuJgg==":"img-banner-01-1000x650px-15-1000x650.jpg","ATgc9hcK9ohsYwwUOedHng==":"img-banner-01-1000x650px-16-1000x650.jpg","w2k4CtjoXxgMMLi8HmXr/Q==":"img-banner-01-1000x650px-17-1000x650.jpg","4HnR3FlQDgZaQ3vhwt2Bow==":"logo-cgr-circle-2025-500x500px-500x500.png","6B/HDtDkFn1w1IvpURfstw==":"logotipo-cgr-2025-500x356px-160x114.png","0CvlVXGpqaVw2Jbd0gp86A==":"cgr-inf-img-3-1297x711.png","0lWYDbP+d8oLbJhAUOf05Q==":"img-banner-01-1000x650px-18-1000x650.jpg","umpCCFc2kscrWlWJY3FiSg==":"img-banner-01-1000x650px-19-1000x650.jpg","NuSrobFnwz0v7PRg84mJZg==":"img-prevista-survye-monkey-resultados-778x233.png","pmOD49zQKqIZKugKW8xUpQ==":"img-menu-documentos-pub-cgr-icgti-400px400px-400x400.jpg","r+o7HFQb3Xwaz9maWwzmbQ==":"img-menu-cgr-transp-info-personal-equidad-400px400px-400x400.jpg","ThY5KyKoGAGRrDdBpWbU9g==":"img-menu-cgr-transp-info-personal-incap-400px400px-400x400.jpg","zXtiJnzQoShSuo1cfwX+4A==":"img-seccion-cgr-transp-info-personal-equidad-1920x1280px-1920x1280.jpg","bxRY9s0mtMbxZOs07BKLNg==":"img-seccion-cgr-transp-info-personal-incap-1920x1280px-1920x1280.jpg","QEMNr9Wn+/UvsZlGNKB+2g==":"img-banner-01-1000x650px-20-1000x650.jpg","xYMLejK/7SF9U4pdhjhfWA==":"img-banner-01-1000x650px-21-1000x650.jpg","VYYplCM1gK4sethKwx/oSA==":"img-seccion-servicios-avisos-1920x1280px-1-1920x1280.jpg","Yjf8s8QT8mpbMzokaHbexg==":"img-seccion-cgr-transp-acerca-1920x1280px-1-1920x1280.jpg","NoRIz+pYZ2+jibfWYT0HaA==":"img-seccion-cgr-transp-info-personal-incap-1920x1280px-1-1920x1280.jpg","JpdX19/PnP5ltjhka8O+Cw==":"img-menu-cgr-transp-info-personal-incap-400px400px-1-400x400.jpg","BdKGa25XKLZ5+5lzGpSyKw==":"prevista-sistema-jurisprudencia-1022x502.png","dkKFwNdssYCP9gDSKLlCKg==":"prevista-sistema-jurisprudencia-1-1022x502.png","h5/FY//jZEejIyPon697fw==":"img-mockup-app-prevista-1200x1200px-4-1200x1200.jpg","wA+1HIrWO1LLLltcfy6kAg==":"img-banner-01-1000x650px-22-1000x650.jpg","FxxhvfJ/vpPxzQr7jMs5zQ==":"img-banner-01-1000x650px-23-1000x650.jpg","5IlMK6JpCr6zFTeaGFt7YQ==":"s4-1-1820x825.png","H0OrzyqL1lz4d6bCVSL05A==":"s4-2-1820x790.png","jxSB7lbW2Y/gfCpj+FXzaQ==":"s4-3-1820x684.png","tVNpJu+yZ6PVY4Q1wehcxg==":"s4-4-1639x195.png","N/sQKn/BQq1QTEy3axiK3w==":"img-banner-01-1000x650px-24-1000x650.jpg","eXVazxmdUV5YfgqhD8t41A==":"img-banner-01-1000x650px-25-1000x650.jpg","2KHPnZQuSNXOS+lB+oUnqw==":"img-banner-01-1000x650px-26-1000x650.jpg","K1g0BYeT3zv3G/3fkYYgXQ==":"img-banner-01-1000x650px-27-1000x650.jpg","qi+oiJhz1E7heBkWL3z4xg==":"img-seccion-destacados-rendicion-cuentas-1000x667px-1-510x340.jpg","RmgOvVkIf17/oHoAZ6c3HQ==":"img-menu-documentos-pub-cgr-rendicion-cuentas-400px400px-1-400x400.jpg","PCrG0HEQoB9sBmSsWoic5g==":"img-menu-documentos-pub-cgr-memoria-anual-400px400px-1-400x400.jpg","6jUrlocwAbyas2IFCSPFzQ==":"img-seccion-documentos-pub-cgr-memoria-anual-1920x1280px-1-1920x1280.jpg","wakJA05SpMN5hoeR7ZRPjA==":"img-seccion-destacados-rendicion-cuentas-1000x667px-2-510x340.jpg","sJDoAHnUdCvm/wJj5sEzUg==":"img-menu-documentos-pub-cgr-memoria-anual-400px400px-2-400x400.jpg","d8Nk6Q5yyChXYGzzQAqayw==":"img-menu-documentos-pub-cgr-rendicion-cuentas-400px400px-2-400x400.jpg","prxJ151Fb+d1Xi554wr7eg==":"img-seccion-documentos-pub-cgr-memoria-anual-1920x1280px-2-1920x1280.jpg","X8odN9tTaPYCcw+37Qevyg==":"img-banner-02-1000x650px-2-1000x650.jpg","eXIWn4KIKuviYESo+kRc6A==":"img-banner-01-1000x650px-28-1000x650.jpg","K+VBHhLDUTWcBDJ7ESPe6w==":"img-banner-01-1000x650px-29-1000x650.jpg","QCOeWQwswULCWReWvIkSrQ==":"img-mockup-app-prevista-1200x1200px-5-1200x1200.jpg","k80k4MbeIvCM5URYOIsT8w==":"img-banner-01-1000x650px-30-1000x650.jpg","66UHLyFkaA6tsAUpEp4ttQ==":"img-banner-01-1000x650px-31-1000x650.jpg","KglkRyszpTx7XDwduAx5kg==":"img-menu-cgr-transp-informes-inst-archivo-400px400px-400x400.jpg","MawuHm2LxyXnT0CGWkuNkw==":"img-menu-cgr-transp-informes-inst-fin-g-400px400px-400x400.jpg","BUqwXA9CVrb64nS+kJgz8A==":"img-seccion-cgr-transp-informes-inst-fin-g-1920x1280px-1920x1280.jpg","Dl8wNLagMzsCVrJrNfbMsg==":"img-banner-01-1000x650px-32-1000x650.jpg","V48ib2ylUdj2v7Z1ZhpbEQ==":"img-banner-01-1000x650px-33-1000x650.jpg","pKuRkcA/plZFG9b7MSOS0A==":"infografia-djb-05-2025-1080x1080.jpg","0nuK/qEV7foCOXCzzFb7PQ==":"img-banner-01-1000x650px-34-1000x650.jpg","oTR7fYRLm7xeoXiLcLSvfg==":"img-banner-01-1000x650px-35-1000x650.jpg","QDQNhOvtDowkqJWmtDdWLg==":"image12.jpg","FhsBKOQA67CmvyLsXTDpUA==":"img-seccion-recomdaciones-trabaje-concgr-1200x800px-1-1200x800.jpg","kdLGvcquAp2ivJgkGOvrhw==":"img-seccion-destacados-empleo-cgr-1000x667px-510x340.jpg","clpmmsV7nQBGaG2HQZ703w==":"img-banner-01-1000x650px-36-1000x650.jpg","LuVKR8cSvuHby0WG5fr1xg==":"img-banner-01-1000x650px-37-1000x650.jpg","LXOuhsS2hwR8eQM60NXEig==":"img-menu-documentos-pub-cgr-boletin-pulso-400px400px-2-400x400.jpg","u/+fzp6xJ9htHM7Kt2teGQ==":"img-seccion-documentos-pub-cgr-boletin-pulso-1920x1280px-2-1920x1280.jpg","3cMXHrGSeGARDkZD6zUXXg==":"img-banner-01-1000x650px-38-1000x650.jpg","XFGNj9MU5EbxrocCGeY0JA==":"img-banner-01-1000x650px-39-1000x650.jpg","YvhYJjedzGr6XlVeiq5APw==":"img-banner-01-1000x650px-40-1000x650.jpg","ccG5f1oHUXFZnUqWczyGow==":"img-banner-01-1000x650px-41-1000x650.jpg","JWhKtRF/BV/Jw2wFkntraw==":"img-seccion-consultas-limites-ice-1920x1280px-1920x1280.jpg","yq/f1ajGxctDNj75pxDCmg==":"img-banner-01-1000x650px-42-1000x650.jpg","usl4jhq4XO/1D0MQUH8DEg==":"img-banner-01-1000x650px-43-1000x650.jpg","s3QKjDqF3aLMpSnq7Y5WJg==":"img-banner-01-1000x650px-44-1000x650.jpg","P1jwo7RjdvwUDjDCe5rNpg==":"img-banner-01-1000x650px-45-1000x650.jpg","e46wjAGFdL3pe4GE6gs0QQ==":"img-banner-01-1000x650px-46-1000x650.jpg","BWneQb2TVxXR6psluefbqg==":"img-banner-01-1000x650px-47-1000x650.jpg","jwEiXh8AENuDCChIdpWiPw==":"m-belen-27-05-2025-1012x291.png","7NmPFVJ3EzjXwwvBd/xUAg==":"img-banner-01-1000x650px-48-1000x650.jpg","a04i6UJzkmFJMfcVG4rHPg==":"background2.jpg","lnQtlN+Ub6iPMFE4lNAU+Q==":"img-banner-01-1000x650px-49-1000x650.jpg","c2OVSyGXCvZNWLbLRM5DDg==":"img-banner-01-1000x650px-50-1000x650.jpg","M781Wq8/G3OqJNqqQIQ6pA==":"img-banner-01-1000x650px-51-1000x650.jpg","E/38HneLil5uvRt9iMPPCg==":"img-banner-01-1000x650px-52-1000x650.jpg","3VwzrTOj5tgeAh28fWWMtw==":"img-banner-01-1000x650px-53-1000x650.jpg","QlKb/8CAVB9V3XdAAtjMfQ==":"img-menu-servicios-soporte-sist-rol-gestor-400px400px-400x400.jpg","q94dLNY9Eftj6YP8pbxTDg==":"img-menu-servicios-soporte-sist-rol-gestor-infog-400px400px-400x400.jpg","JDKoGgytKWHHiknFQJLv9g==":"img-menu-servicios-soporte-sist-rol-gestor-manual-400px400px-400x400.jpg","LBInllCrSWQyQ9074dkzgQ==":"img-seccion-servicios-soporte-sist-rol-gestor-1920x1280px-1920x1280.jpg","InQcK2WOz0UAkmh0M3h6AA==":"img-seccion-servicios-soporte-sist-rol-gestor-infog-1920x1280px-1920x1280.jpg","EDWFYFFJCwYpNsqNE8v8zQ==":"adm-roles-sistemas-registro-cgr-1820x2625.png","b0LmRmbMvPMJCLL1OMvyxg==":"pasos-asignacion-rg-1820x3181.png","txAgSrHPsUzdenI/kXZ2yA==":"mockup-app-prevista-1200x1200px-1200x1200.jpg","D/plfebgKfYOz080UqwebA==":"img-menu-servicios-ucc-congresos-2025-400px400px-400x400.jpg","QxBh92qDak3KqugjkH1o3w==":"img-seccion-servicios-ucc-congresos-2025-1920x1280px-1920x1280.jpg","OmqkhnXfhlV78843Evv5KQ==":"img-seccion-destacados-ucc-congreso-2025-1000x667px-510x340.jpg","8CgVYj0vTdJiVhxIPGZW9A==":"img-banner-01-1000x650px-54-1000x650.jpg","tL4yrggMFDu3xFjoiNH28g==":"img-banner-01-1000x650px-55-1000x650.jpg","r+1DfNC7pNLrsv+bP5UEmw==":"img-banner-01-1000x650px-56-1000x650.jpg","2wWVldz7sjbEmzPSppe87Q==":"img-banner-01-1000x650px-57-1000x650.jpg","XN6dDkr/vHP3+8vXW/IpwQ==":"img-banner-01-1000x650px-58-1000x650.jpg","FX/kYI2m8BQ4iF0qvsFuPg==":"img-banner-01-1000x650px-59-1000x650.jpg","kw1ppMs0ZabEDlwtXEIs9A==":"image-1026x267.png","6xvpc5+GqK1/lTmIK0DpdQ==":"img-banner-01-1000x650px-60-1000x650.jpg","BZ1OB+lO/Hy8T3TV3kvLHA==":"img-banner-01-1000x650px-61-1000x650.jpg","dsOWfICqs22iBABD2F4K1w==":"img-banner-01-1000x650px-62-1000x650.jpg","J50jOG9jUewmkFuBMXCm4g==":"img-banner-01-1000x650px-63-1000x650.jpg","3vlqVBHPnjptGLXLCiNR+A==":"img-banner-01-1000x650px-64-1000x650.jpg","tr3jWtMc620KZZr293mXVQ==":"img-banner-01-1000x650px-65-1000x650.jpg","B4zaKNrwzr/uomA9ZSLZgg==":"img-banner-01-1000x650px-66-1000x650.jpg","aCwWLCHDWKTVdGHB/QR0kA==":"img-banner-01-1000x650px-67-1000x650.jpg","N32KcuWvhbfnyoplGmGdpw==":"img-banner-01-1000x650px-68-1000x650.jpg","CtNpf+fd5kOpe92ivYccNg==":"img-banner-01-1000x650px-69-1000x650.jpg","Nk9NYPx/WkUeS/p1YuHoUQ==":"img-banner-01-1000x650px-70-1000x650.jpg","E5P6LNp0Sow2Uhga7kQpqg==":"img-banner-01-1000x650px-71-1000x650.jpg","YCyDnT79Hj9JdjuNsD1Rcg==":"ivm-21-07-2025-1-1820x594.png","OnWtwuyBtzTJWJ4VXVeF+w==":"img-banner-01-1000x650px-72-1000x650.jpg","nAnUVbhwyRvGOquLKaudig==":"img-banner-01-1000x650px-73-1000x650.jpg","rQrhSr7ukFtJKTXE+bTSMw==":"img-banner-01-1000x650px-74-1000x650.jpg","ox8CaHWbq4mRpsMB8KtMaQ==":"img-banner-01-1000x650px-75-1000x650.jpg","d0jv9pcIGHnd0RW9G/0xDg==":"img-banner-01-1000x650px-76-1000x650.jpg","BJ76Jo2o13RkRoEeMxEBBg==":"recope-1-509x970.png","OBHB286blokFtX6Kax8Fzg==":"recope-2-591x653.png","p6dSkVwS0A2S6IZzOAwgSQ==":"recope-3-896x655.png","UGFRe0DpcKLk5U9yLELLJA==":"recope-4-1587x428.png","mkOhvamI2sikjfjbvvuPQQ==":"img-banner-01-1000x650px-77-1000x650.jpg","Kg0VYwSvdtQ9xRwm0BHsSg==":"img-banner-01-1000x650px-78-1000x650.jpg","BNUiSr3ltfJT0m2cau0nSQ==":"img-banner-01-1000x650px-79-1000x650.jpg","AqzZ9eDkEcC5xZA3N1VW0Q==":"img-banner-01-1000x650px-80-1000x650.jpg","WnKxbeYZmF5ea1QebmrVkQ==":"img-menu-documentos-pub-cgr-boletin-pulso-400px400px-3-400x400.jpg","8G+WunkIwxSnc5Nrgjelsg==":"img-seccion-documentos-pub-cgr-boletin-pulso-1920x1280px-3-1920x1280.jpg","U+5KWBUmlbi4isIu++dLwA==":"img-banner-01-1000x650px-81-1000x650.jpg","lyGKeYc0gpNo3qdhHHc0yQ==":"img-banner-01-1000x650px-82-1000x650.jpg","yWcyM+5Y+JR7eSa9GG1DMA==":"asentamientos-30-07-2025-1-1600x400.png","f6be7aPWq7LkSWnPyd3J8g==":"img-menu-documentos-pub-cgr-revista-derecho-400px400px-2-400x400.jpg","ZynMHdhqWjIlYhWRANOqUw==":"img-seccion-documentos-pub-cgr-revista-derecho-1920x1280px-3-1920x1280.jpg","rc2wzQSrT08K9DyBrO/+wg==":"img-banner-01-1000x650px-83-1000x650.jpg","Axgn8BnPj/Hk9wKdkRlqCA==":"img-banner-01-1000x650px-84-1000x650.jpg","CrMY2Ljp8pGAFdJMfZxlzg==":"feature4.jpg","UzNk25AWqPJo426tR5nfSw==":"img-menu-documentos-pub-cgr-igsm-2025-400px400px-400x400.jpg","uREtlmi7pKnDfUZ3vsxQUw==":"img-banner-01-1000x650px-85-1000x650.jpg","Zq9p/qh5kJd2aGOF9K6VCw==":"img-banner-01-1000x650px-86-1000x650.jpg","PL3lXXIr+92gE/Mm1NmDaQ==":"igsm-05-08-2025-1-1820x1292.jpg","sngyFau9g36BqDVCsmn5Mg==":"img-banner-01-1000x650px-87-1000x650.jpg","Zc5QdUjyLnuQnAAeCWozIg==":"img-banner-01-1000x650px-88-1000x650.jpg","trmexki5U6LMKuNf3zYCfw==":"img-banner-01-1000x650px-89-1000x650.jpg","BWokjhT7A4wgD5+YbfebtQ==":"img-banner-01-1000x650px-90-1000x650.jpg","PHdBGh6SabfRAn7XFqgyXQ==":"innovaton-510x287.jpg","V0MeCsmArP7TNFUDsCgkPQ==":"innovaton-510x287.jpeg","1xp/sudzjxt5hAJDGBlGQg==":"innovaton-400x400.jpg","F6eciTCPBLZwhX92RPP/HQ==":"adobestock-334399560-2000x1125.jpg"}